,handle,count,compound,positive,negative,neutral,date,text
99,BBC,100,0.5859,0.231,0.0,0.769,1519967280.0,We've been creating and designing for thousands of years. But when and where did human creativity begin?‚Ä¶ https://t.co/Utrh8ie6qf
98,BBC,99,0.9081,0.383,0.0,0.617,1519967371.0,RT @simon_schama: After 3 years of work #Civilisations will at last reach all of you - it was a great labour of love and passion for @wmary‚Ä¶
97,BBC,98,0.7712,0.489,0.0,0.511,1519967400.0,"A greeting from roughly 37,000 years ago. üëã Amazing! #Civilisations https://t.co/thqeSvamrV"
96,BBC,97,0.0,0.0,0.0,1.0,1519968276.0,"RT @bbcarts: As #Civilisations, a series 3 years in the making and featuring over 500 artworks, arrives on the @BBC, here's just one of tho‚Ä¶"
95,BBC,96,-0.3818,0.0,0.126,0.874,1519969080.0,"High-resolution photographs of this tiny seal stone, which was found in the grave of a Mycenaean soldier, uncover a‚Ä¶ https://t.co/aE7E1pXCvT"
94,BBC,95,0.802,0.286,0.0,0.714,1519969380.0,"How beautiful is this temple in Petra, Jordan? It's survived armies and earthquakes as the Nabataeans who built it‚Ä¶ https://t.co/Br3szxmAxN"
93,BBC,94,0.0,0.0,0.0,1.0,1520006406.0,üêëüê∂ It's a real life 'sheep dog'! https://t.co/A1LAD9ZCNm
92,BBC,93,0.0,0.0,0.0,1.0,1520008216.0,A recently discovered photo collection by the late photographer David Granick reveals London's East End in colour.‚Ä¶ https://t.co/GPbx6fdmF1
91,BBC,92,0.0,0.0,0.0,1.0,1520010007.0,"That view! üòç
#OurBluePlanet #BluePlanet2 https://t.co/1kHthPUfxg"
90,BBC,91,0.0,0.0,0.0,1.0,1520013724.0,"More than 1,000 members of the public have been invited to the grounds of Windsor Castle for Prince Harry and Megha‚Ä¶ https://t.co/EGTJPQEm96"
89,BBC,90,0.69,0.231,0.0,0.769,1520013943.0,RT @BBCFOUR: Today is our 16th birthday! We launched #onthisday in 2002‚Ä¶ and we‚Äôve loved every minute of it. üéÇ #SixteenYearsFresh https://t‚Ä¶
88,BBC,89,0.0,0.0,0.0,1.0,1520014013.0,RT @BBCScotlandNews: Watch a husky pull a skier... in Glasgow's Partick https://t.co/eAWWjQnAXS
87,BBC,88,0.0,0.0,0.0,1.0,1520014072.0,"RT @bbcarts: If you're snowed in on Friday, spend the day with the #Civilisations box set on @BBCiPlayer &amp; at 18:30 watch our live event wi‚Ä¶"
86,BBC,87,0.0,0.0,0.0,1.0,1520014098.0,"RT @BBCR1: So, apparently @LiamPayne paid for Michael and Calum from @5SOS' very first tattoos when they were on tour with @OneDirection...‚Ä¶"
85,BBC,86,0.0,0.0,0.0,1.0,1520014141.0,RT @bbcthree: Kerry and Kurtan had a proper go at snapchat filters.... #thiscountry https://t.co/2gxzCvuie1
84,BBC,85,0.0,0.0,0.0,1.0,1520014158.0,RT @bbcrb: So it's NEVER too cold to go swimming in the sea üòÇüåäüèä‚ùÑÔ∏è https://t.co/fvtt3D7u3o
83,BBC,84,0.6908,0.263,0.0,0.737,1520016783.0,üé≠He's @BAFTA's 2018 Rising Star and a contender for Best Actor at the #Oscars this weekend - read 9 things‚Ä¶ https://t.co/eRvLb5oque
82,BBC,83,-0.5574,0.0,0.286,0.714,1520020805.0,When London Fashion meets the technology behind Star Wars. https://t.co/M2QJ5HGx8W
81,BBC,82,-0.5095,0.0,0.215,0.785,1520024404.0,"üò¨ Are these the most offensive questions ever asked in job interviews?
üëâ https://t.co/bzi7uVzVAL https://t.co/yaBdPGQ2m0"
80,BBC,81,0.0,0.0,0.0,1.0,1520028184.0,"Lego's leaves, bushes and trees are going green! üçÄüåøüå±The Danish toymaker says they will be made with plastic sourced‚Ä¶ https://t.co/BUTkdp7dBe"
79,BBC,80,0.7684,0.353,0.0,0.647,1520029811.0,"You might know your British comedy, but how well do you know your British comedy award-winners?‚Ä¶ https://t.co/TKHDZQ3tNW"
78,BBC,79,0.0,0.0,0.0,1.0,1520031784.0,"Meet George, a 99-year-old swimmer from Australia who appears to have smashed a world record for his age group. üòÆüèäüí™‚Ä¶ https://t.co/4VsUws6lI3"
77,BBC,78,0.9184,0.454,0.0,0.546,1520034202.0,"RT @mixital: ‚ö°Are you loving @BBCOne‚Äôs Troy? Join our new creative challenge and create your own #Troy fan art!

Grab these images from our‚Ä¶"
76,BBC,77,0.0,0.0,0.0,1.0,1520040603.0,KILTED YOGA! https://t.co/4wlS4cr85R
75,BBC,76,0.0,0.0,0.0,1.0,1520042411.0,"What is the #AttenboroughEffect?
üìªüëâ https://t.co/qO3nY8tEl6 https://t.co/bJSh6V20WC"
74,BBC,75,0.4588,0.167,0.0,0.833,1520046009.0,"‚ùÑÔ∏è When the weather is this cold, a simple act of kindness can go a long way. https://t.co/NwJ0FoSOzD"
73,BBC,74,-0.4767,0.0,0.193,0.807,1520051703.0,"RT @BBCOne: .@JohnTorode1 makes terrible beans on toast, isn't that right @GreggAWallace? üç¥ @Masterchefuk https://t.co/ZsUcJAWZWX"
72,BBC,73,0.2732,0.104,0.0,0.896,1520096407.0,"Mary Beard opens up about her new series, the nature of civilisation and the significance of a face-to-face encount‚Ä¶ https://t.co/OIg0ZgPgcc"
71,BBC,72,0.0,0.0,0.0,1.0,1520098767.0,RT @bbcthree: actual footage of me this morning https://t.co/e9vmltkcc3
70,BBC,71,0.0,0.0,0.0,1.0,1520098773.0,"RT @BBCSpringwatch: Never mind the snow, Saturday morning lie-ins be like... ü§ó #weekend #saturday #UKsnow #Winterwatch https://t.co/QueQ6ff‚Ä¶"
69,BBC,70,0.7569,0.272,0.0,0.728,1520100004.0,Learning to play the bagpipes can be quite a challenge - and it's even harder if you only have the use of one hand!  https://t.co/PGI8ZPFNUW
68,BBC,69,0.0,0.0,0.0,1.0,1520102508.0,"RT @TWBBC: By 2050, 30-50% of all species could be heading towards extinction. 
Take a moment this #WorldWildlifeDay to learn more ‚¨áÔ∏è‚¨áÔ∏è 
#m‚Ä¶"
67,BBC,68,0.5719,0.156,0.0,0.844,1520102544.0,"RT @BBCEarth: Today is #WorldWildlifeDay celebrating the world‚Äôs big cats. 

DYK: black panthers in Asia and Africa are leopards and those‚Ä¶"
66,BBC,67,-0.3612,0.075,0.134,0.791,1520103611.0,"üì∫ From The Terror to the return of Atlanta and @Marvel‚Äôs Jessica Jones, here are the TV shows worth seeing in March‚Ä¶ https://t.co/i6mIgZGqB7"
65,BBC,66,0.6114,0.222,0.0,0.778,1520104694.0,"Happy Birthday, @Camila_Cabello!üéà

For all of her latest @BBCR1 interviews and performances check out:‚Ä¶ https://t.co/mTSDDK6YeF"
64,BBC,65,-0.3612,0.0,0.143,0.857,1520105389.0,"RT @bbccomedy: What happens when you ask @JohnCleese, Alison Steadman and @Jason__Watkins ridiculous questions? ü§îü§£#HoldTheSunset https://t.‚Ä¶"
63,BBC,64,-0.296,0.0,0.355,0.645,1520107204.0,How to avoid these üò¨üëáhttps://t.co/RJj25ysPsq
62,BBC,63,0.0,0.0,0.0,1.0,1520109030.0,RT @bbcideas: What do we know about the earliest known representations of the human face? üò≤ https://t.co/PDgFTpPOqi https://t.co/kls7Xu0Ui9
61,BBC,62,-0.5514,0.0,0.229,0.771,1520112604.0,"Zig-A-Zig Whaaaaa?
How scary is your knowledge of the Spice Girls? 
üëâ https://t.co/JZAjDNrldQ https://t.co/FXy5nVK7nj"
60,BBC,61,-0.296,0.0,0.115,0.885,1520118007.0,'There is no such thing as cheap seafood because it comes at a price we can't ever repay.' https://t.co/8tCZay8iOz
59,BBC,60,-0.4404,0.091,0.2,0.709,1520118460.0,RT @bbcweather: Some parts of the UK have seen freezing rain in the last 24 hours - a beautiful but dangerous weather phenomenon. https://t‚Ä¶
58,BBC,59,0.0,0.0,0.0,1.0,1520118470.0,RT @BBC100women: For a film to pass the Bechdel Test it needs to feature two women üë≠ talking to each other üó£Ô∏è about something other than a‚Ä¶
57,BBC,58,0.4754,0.123,0.0,0.877,1520119599.0,RT @BBCFOUR: One of the most inspiring stories in human history. Masters of the Pacific Coast: The Tribes of the American Northwest. Tonigh‚Ä¶
56,BBC,57,0.0,0.0,0.0,1.0,1520119616.0,"RT @bbcpress: üìª üìñ @IanMcKellen, @francesbarber13 and Simon Russell Beale star in a new adaptation of #ParadiseLost @BBCRadio4 - https://t.c‚Ä¶"
55,BBC,56,0.0,0.0,0.0,1.0,1520121608.0,"üíÄ Less than one-10th of 1% of all species that have ever lived became fossils. 

But from skipping a coffin to avoi‚Ä¶ https://t.co/20s85EmMhJ"
54,BBC,55,0.0,0.0,0.0,1.0,1520125203.0,‚ù§Ô∏è A mum's tribute to her son Tristan who has Asperger's syndrome. https://t.co/LTZ02FX24V
53,BBC,54,-0.6705,0.0,0.256,0.744,1520128006.0,"RT @BBCBreaking: One person suffers ""self-inflicted gun shot wound"" outside the White House, US Secret Service says https://t.co/Bv5sB11BSC"
52,BBC,53,0.0,0.0,0.0,1.0,1520128676.0,RT @BBCFood: CHOCOLATE CAKE KLAXON üì£ https://t.co/u1wNGs8Vtm https://t.co/UOi707IOaG
51,BBC,52,0.0,0.0,0.0,1.0,1520128680.0,"RT @BBCWorld: Come on Eileen. üëèüëèüëè

https://t.co/KLrG8nMMJl"
50,BBC,51,-0.7717,0.0,0.271,0.729,1520128816.0,"""You can‚Äôt dress it up. I said: ‚ÄòMummy‚Äôs died‚Äô""

üíî Sky Sports anchor @SimonThomasSky, who lost his wife to cancer o‚Ä¶ https://t.co/63Q2Wb37oX"
49,BBC,50,0.1695,0.17,0.11,0.72,1520132405.0,üéßüòé Some people just don't want to stop raving. https://t.co/agXVmmgVKZ
48,BBC,49,0.296,0.167,0.0,0.833,1520134566.0,RT @bbcthree: Your regular reminder that Louis Theroux is a national treasure. https://t.co/vxTqbCttuQ
47,BBC,48,0.6249,0.255,0.0,0.745,1520140900.0,"RT @BBCRadio4: üéß Looking for a new podcast?
üìª Loads of great ideas right here...
https://t.co/DJbWsiWc2D"
399,BreitbartNews,100,0.0,0.0,0.0,1.0,1520144768.0,https://t.co/EeiXS3QLEg
398,BreitbartNews,99,0.0,0.0,0.0,1.0,1520146367.0,https://t.co/tZ54txDqpg
397,BreitbartNews,98,0.0,0.0,0.0,1.0,1520147982.0,https://t.co/GsGadmqo4D
396,BreitbartNews,97,0.0,0.0,0.0,1.0,1520149618.0,https://t.co/sg64rwbmb2
395,BreitbartNews,96,0.0,0.0,0.0,1.0,1520151214.0,https://t.co/uK5ksr2nMn
394,BreitbartNews,95,0.0,0.0,0.0,1.0,1520152738.0,#HyperHype https://t.co/HzZVsemQWG
393,BreitbartNews,94,0.0,0.0,0.0,1.0,1520154321.0,https://t.co/BUVUKtmemP
392,BreitbartNews,93,0.0,0.0,0.0,1.0,1520155919.0,https://t.co/WdwaeiK2Sk
391,BreitbartNews,92,0.0,0.0,0.0,1.0,1520157494.0,https://t.co/prVIUqwBC3
390,BreitbartNews,91,0.0,0.0,0.0,1.0,1520159067.0,https://t.co/ethldyXmd7
389,BreitbartNews,90,0.0,0.0,0.0,1.0,1520160631.0,https://t.co/2lxGGbIhNm
388,BreitbartNews,89,0.0,0.0,0.0,1.0,1520162218.0,https://t.co/UUD4oUx6R7
387,BreitbartNews,88,0.0,0.0,0.0,1.0,1520163765.0,https://t.co/9HNbTtZNvt
386,BreitbartNews,87,0.0,0.0,0.0,1.0,1520165300.0,https://t.co/pkddM7BVx0
385,BreitbartNews,86,0.0,0.0,0.0,1.0,1520166812.0,https://t.co/VX1xj6ArKr
46,BBC,47,0.0,0.0,0.0,1.0,1520184603.0,"üç≥ü•ì Before you fry up your full English this morning, did you know just 1.5 sausages could reduce your lifespan by 3‚Ä¶ https://t.co/TXZAcIZKVH"
45,BBC,46,0.657,0.285,0.0,0.715,1520188381.0,Would you be able to resist this perfect layer of snow? üòÇ‚ùÑÔ∏èüå®https://t.co/36rTZveWl5
44,BBC,45,0.5141,0.322,0.0,0.678,1520190002.0,‚ù§Ô∏èüëè Two-year-old Daisy is a little litter-picking hero. https://t.co/EiYuQkQUlU
43,BBC,44,0.0,0.0,0.0,1.0,1520192045.0,Sir Roger Bannister: First man to run a mile in under four minutes dies at 88. https://t.co/CpLdZchwqi https://t.co/l7ujJ3kHE6
42,BBC,43,0.0,0.0,0.0,1.0,1520193249.0,"RT @BBCEarth: In some parts of the ocean, it‚Äôs estimated that there are over half a million pieces of plastic for every square kilometre
#B‚Ä¶"
41,BBC,42,0.0,0.0,0.0,1.0,1520193607.0,"Feeding time! üç¥ü¶à
#AmazingHotels https://t.co/SnOXnczSAF"
40,BBC,41,0.0,0.0,0.0,1.0,1520195584.0,üé¨ An aspiring writer decides to focus on the story of Mississippi's black maids - much to the consternation of her‚Ä¶ https://t.co/bDLqgAXBfk
39,BBC,40,0.7003,0.225,0.0,0.775,1520196943.0,"RT @BBC6Music: üé¨ Let's settle this, what's the greatest ever movie soundtrack or score?

This Sunday from 6-8pm #NP6Music is warming up for‚Ä¶"
38,BBC,39,-0.765,0.0,0.28,0.72,1520196975.0,"RT @BBCSport: After the shocking news of Davide Astori's death, all Serie A fixtures today have been called off.

üëâ https://t.co/rmqcHfLPUX‚Ä¶"
37,BBC,38,0.4939,0.118,0.0,0.882,1520197009.0,"RT @BBCSport: There are for four gold medals up for grabs at the Track Cycling World Championships today. üôå

Watch the GB squad in action i‚Ä¶"
36,BBC,37,0.0,0.0,0.0,1.0,1520197039.0,"RT @BBCWomansHour: üëÄüé• @LadyBirdMovie's up for FIVE #Oscars this weekend üôå @Saoirse_Ronan talks to us about the film's appeal, her real-life‚Ä¶"
35,BBC,36,0.2263,0.101,0.0,0.899,1520199006.0,"üçøüéû From #IsleOfDogs to #TombRaider, here are 9 films worth heading to the movies for in March. 
üëâ‚Ä¶ https://t.co/y1xGGocMuA"
34,BBC,35,0.802,0.298,0.0,0.702,1520200008.0,"RT @BBCSportWales: Can't get enough of this.

Welcome to the wonderful world of football analogies - starring @SwansOfficial manager Carlos‚Ä¶"
384,BreitbartNews,85,0.0,0.0,0.0,1.0,1520200889.0,https://t.co/b2D58iqUW6
33,BBC,34,0.0498,0.18,0.17,0.65,1520200983.0,"Two landscape artists begin a romance whilst working at Versailles. ‚ù§Ô∏èÔ∏èüå∑üé¨

A Little Chaos | @BBCiPlayer |‚Ä¶ https://t.co/szKKosJ2K2"
383,BreitbartNews,84,0.0,0.0,0.0,1.0,1520202385.0,https://t.co/cBGay3bNvm
382,BreitbartNews,83,0.0,0.0,0.0,1.0,1520203934.0,https://t.co/SqR9Z5zcwY
32,BBC,33,0.1779,0.124,0.0,0.876,1520204406.0,üç´ Meet the teenage chocolatier joining the ranks of Scotland's growing chocolate sector. https://t.co/FeIVc3FeZC
381,BreitbartNews,82,0.0,0.0,0.0,1.0,1520205479.0,https://t.co/jgxiQ7CCgw
31,BBC,32,0.3382,0.13,0.0,0.87,1520206229.0,"He was almost a professional footballer! üòÆ

11 surprising things we learned from Matt Smith's Desert Island Discs:‚Ä¶ https://t.co/TMfwinexEB"
380,BreitbartNews,81,0.0,0.0,0.0,1.0,1520207029.0,https://t.co/wrVg7of3W3
379,BreitbartNews,80,-0.6696,0.0,0.244,0.756,1520208648.0,.@PrisonPlanet: ‚ÄúIt‚Äôs just so ironic because our videos are getting flagged for harassment and bullying‚Ä¶ CNN can go‚Ä¶ https://t.co/cKVQ4vgxto
30,BBC,31,0.6369,0.189,0.0,0.811,1520209812.0,"‚ù§Ô∏è After her double mastectomy, this woman found a unique way of learning to love her new breasts.
üëâ‚Ä¶ https://t.co/KAxQxkQEow"
378,BreitbartNews,79,0.1154,0.101,0.085,0.814,1520210041.0,"""I do not have one bad thing to say about this store. However I cannot be the face of these new gun policies in aff‚Ä¶ https://t.co/jtWPDWsSY2"
29,BBC,30,0.4588,0.111,0.0,0.889,1520211466.0,"RT @BBCWorld: What can we expect from the 90th Academy Awards? A lot has changed since last year. 

Here are eight reasons why the 2018 #Os‚Ä¶"
377,BreitbartNews,78,0.1531,0.151,0.0,0.849,1520211481.0,Now Merkel admits what everybody's known but can't say. https://t.co/pwUIqDQvV9
376,BreitbartNews,77,0.0,0.0,0.0,1.0,1520213114.0,"AFP headline, not categorized as an op-ed: https://t.co/RQVwsxlu90"
375,BreitbartNews,76,0.0,0.0,0.0,1.0,1520214696.0,https://t.co/ghig2i8OEV
28,BBC,29,-0.3182,0.0,0.099,0.901,1520215209.0,"üé¨üèÜ So you've got the critical acclaim, you've got the industry buzz, you might even have a Golden Globe in your dow‚Ä¶ https://t.co/WdGFOHrFMZ"
374,BreitbartNews,75,0.0,0.0,0.0,1.0,1520216149.0,https://t.co/Yq2qlhS1g1
373,BreitbartNews,74,0.0,0.0,0.0,1.0,1520217629.0,https://t.co/P6ED7NU4rt
27,BBC,28,0.4215,0.118,0.0,0.882,1520218779.0,RT @BBCWorld: Watch this baby chimp being flown to a new home in DR Congo after it was rescued from poachers üêí‚ù§Ô∏è https://t.co/mZfGI8h6Gc
26,BBC,27,0.8468,0.386,0.0,0.614,1520218805.0,Sloths have survived for more than 60 million years - what makes them so successful?  https://t.co/H4BAA5kAOL
372,BreitbartNews,73,0.0,0.0,0.0,1.0,1520219106.0,https://t.co/B1Ja2SBiKB
371,BreitbartNews,72,0.0,0.0,0.0,1.0,1520220592.0,https://t.co/FnZI6KE0Ox
370,BreitbartNews,71,0.0,0.0,0.0,1.0,1520222053.0,https://t.co/DueXEqwhMB
25,BBC,26,0.4019,0.184,0.089,0.726,1520223095.0,RT @BBCNewsbeat: Miss Piggy has some strong feelings about this year's #Oscars selection üôàüòÇ https://t.co/vzHGz8PtmD
369,BreitbartNews,70,0.0,0.0,0.0,1.0,1520223625.0,https://t.co/fTVdc5BOPF
368,BreitbartNews,69,0.0,0.0,0.0,1.0,1520225141.0,https://t.co/EAXQoCPpQL
367,BreitbartNews,68,0.0,0.0,0.0,1.0,1520226625.0,https://t.co/NMoIuFn0ui
366,BreitbartNews,67,0.0,0.0,0.0,1.0,1520228082.0,üò≠üò≠üò≠üò≠üò≠ https://t.co/Nb9PJJxRSu
365,BreitbartNews,66,0.0,0.0,0.0,1.0,1520229645.0,https://t.co/Pshxg92rkF
364,BreitbartNews,65,0.0,0.0,0.0,1.0,1520231208.0,https://t.co/TroPiwlPWv
363,BreitbartNews,64,0.0,0.0,0.0,1.0,1520232731.0,https://t.co/GKr01updlu
362,BreitbartNews,63,0.0,0.0,0.0,1.0,1520234338.0,https://t.co/03PgZKJWdw
361,BreitbartNews,62,0.0,0.0,0.0,1.0,1520235988.0,https://t.co/ADI7zouXLe
360,BreitbartNews,61,0.0,0.0,0.0,1.0,1520236919.0,RT @SiriusXMPatriot: ON NEXT: @BreitbartNews Sunday #LIVE with @mboyle1 &amp; @AmandaLeeHouse #TuneIn to @SiriusXM #Patriot 125 #NEXT @SXMPolit‚Ä¶
359,BreitbartNews,60,0.0,0.0,0.0,1.0,1520237538.0,https://t.co/i0WSMqgHb7
358,BreitbartNews,59,0.0,0.0,0.0,1.0,1520239069.0,https://t.co/DWGzZfx1uN
357,BreitbartNews,58,0.0,0.0,0.0,1.0,1520240765.0,ü§£ü§£ü§£ https://t.co/Amunj0UqFZ
356,BreitbartNews,57,0.34,0.156,0.0,0.844,1520240942.0,"RT @SiriusXMPatriot: Joining @BreitbartNews Saturday, @ericbolling shared staggering #Statistics on the #OpioidEpidemic &amp; #NotMyKidSyndrome‚Ä¶"
355,BreitbartNews,56,0.0,0.0,0.0,1.0,1520242470.0,https://t.co/EPykrtDTVU
354,BreitbartNews,55,0.0,0.0,0.0,1.0,1520244173.0,https://t.co/p4u8lXP8hx
353,BreitbartNews,54,0.0,0.0,0.0,1.0,1520245635.0,https://t.co/cVaiYWF3H9
352,BreitbartNews,53,-0.5106,0.0,0.155,0.845,1520247273.0,".@CarolineGlick: ""Lorenz, who outed Geller‚Äôs daughters, is too dumb to understand that she put their lives in dange‚Ä¶ https://t.co/Pn4wnLyC6u"
351,BreitbartNews,52,0.0,0.0,0.0,1.0,1520248748.0,https://t.co/I7xWAMIZ9M
350,BreitbartNews,51,0.0,0.0,0.0,1.0,1520250211.0,https://t.co/kKOyCaiHHT
349,BreitbartNews,50,0.0,0.0,0.0,1.0,1520251799.0,https://t.co/QSMvbpXfKe
348,BreitbartNews,49,0.0,0.0,0.0,1.0,1520253249.0,https://t.co/knkuoghGEZ
347,BreitbartNews,48,0.0,0.0,0.0,1.0,1520254799.0,https://t.co/BhzDqePnAI
299,nytimes,100,0.0,0.0,0.0,1.0,1520258138.0,Critic‚Äôs Notebook: Some Self-Examination Among the Oscars‚Äô Self-Celebration https://t.co/Va71mQM06d
298,nytimes,99,0.6597,0.231,0.0,0.769,1520259909.0,"Fashion played an anonymous role at the 2018 Academy Awards so that the people, namely the women, could shine https://t.co/TgTgUfsr7A"
297,nytimes,98,-0.296,0.0,0.104,0.896,1520260822.0,The pressure is mounting on Nigerian President Muhammadu Buhari to step down after his first term expires next year https://t.co/3PjU4OuzDs
296,nytimes,97,0.0,0.0,0.0,1.0,1520262244.0,Photos from the Oscars red carpet https://t.co/ziMJ9H5Qk7 https://t.co/dU4d0BcRKY
295,nytimes,96,-0.1406,0.0,0.079,0.921,1520263277.0,"""One wrestler provoked me by leaving a comment on my Instagram, but when I later wrestled him in a state tournament‚Ä¶ https://t.co/82KeWiuSKj"
294,nytimes,95,0.4131,0.235,0.124,0.641,1520264290.0,"""It‚Äôs really easy to play into this narrative that millennials are doing everything wrong and they‚Äôre not planning,‚Ä¶ https://t.co/pS00Xh3ku4"
293,nytimes,94,-0.3535,0.0,0.115,0.885,1520265284.0,"The Oscars really wanted to avoid another ""La La Land"" mix-up. Just look at the font on the envelopes. https://t.co/JlNYO6Qdis"
24,BBC,25,0.0,0.0,0.0,1.0,1520265604.0,"üêùüçØ How honey is collected.
#AmazingHotels https://t.co/UIJKlsamx5"
292,nytimes,93,-0.4158,0.0,0.14,0.86,1520266325.0,Rita Moreno wore her 1962 Oscars dress to the 2018 Oscars. Recycling has never looked more elegant. https://t.co/1U0AWTyBKj
291,nytimes,92,0.0,0.0,0.0,1.0,1520267376.0,"Adam Rippon wore a harness to the Oscars, breaking the red carpet mold https://t.co/COQOgTbUHK https://t.co/mWXsHTMLIN"
23,BBC,24,0.0,0.0,0.0,1.0,1520267404.0,"Many personality traits can be observed but there are other hidden forces that shape who we are.
üëâ‚Ä¶ https://t.co/aTsldl7s1z"
290,nytimes,91,-0.5994,0.0,0.163,0.837,1520268428.0,"Unsealing the will of Harper Lee, signed just days before her death, was supposed to answer questions. It has only‚Ä¶ https://t.co/fFPNujReh6"
22,BBC,23,0.0,0.0,0.0,1.0,1520269205.0,üòç A rare pure-white stoat! https://t.co/VoR9jXJmk4
289,nytimes,90,0.0258,0.102,0.098,0.8,1520269494.0,There is no simple answer to what happened to Nakesha Williams ‚Äî a life of spectacular promise undone by mental ill‚Ä¶ https://t.co/aTfkQY12Ao
288,nytimes,89,0.6369,0.198,0.0,0.802,1520270572.0,"In the past 30 years, only 4 movies were named best picture while topping the box office charts https://t.co/bH0SVPdnbA"
21,BBC,22,0.7506,0.286,0.0,0.714,1520271007.0,üé≠üé¨#Oscars outfits designed to dazzle - all the red carpet glamour from the 90th Academy Awards in pictures‚Ä¶ https://t.co/iMBBXl75k0
287,nytimes,88,-0.946,0.0,0.538,0.462,1520271687.0,Trauma surgeons recount the horror of assault weapons: ‚ÄúYou will see multiple organs shattered. The exit wounds can‚Ä¶ https://t.co/4FgnOOj8ek
499,CBSNews,100,0.4019,0.252,0.0,0.748,1520272444.0,"Far-right, anti-EU parties surge in ""Ungovernable Italy"" https://t.co/YZvcOs7meA https://t.co/M9RzXQUiIr"
20,BBC,21,0.5267,0.227,0.0,0.773,1520272703.0,RT @BBCRadio2: What'sthe first leg of @ZoeTheBall's epic Sport Relief challenge? üö≤ She updates @achrisevans on #HardestRoadHome @sportrelie‚Ä¶
286,nytimes,87,0.0,0.0,0.0,1.0,1520272777.0,"It's already one of the most endangered creatures on earth, and all indications are its situation is rapidly gettin‚Ä¶ https://t.co/P3yjaae8iu"
498,CBSNews,99,0.0,0.0,0.0,1.0,1520272988.0,"Glenda Jackson returns to Broadway in ""Three Tall Women"" https://t.co/ysdT6harF8 https://t.co/vdbfl6F5zh"
19,BBC,20,0.0,0.0,0.0,1.0,1520273360.0,"RT @BBCRD: Available now! üì≤ Download the #Civilisations Augmented Reality app @BBCTaster to explore classic art, objects, and artefacts fro‚Ä¶"
285,nytimes,86,0.1779,0.131,0.1,0.769,1520273755.0,"A ""school resource officer"" is an unusual hybrid of counselor, educator and cop. Perhaps no other job better person‚Ä¶ https://t.co/VHVRQ9zPan"
497,CBSNews,98,0.0,0.0,0.0,1.0,1520273890.0,It's complicated: When filmmakers' legacies intertwine with #MeToo https://t.co/kWaXiYOuJC https://t.co/ZAt06ycaxL
496,CBSNews,97,-0.6486,0.136,0.391,0.473,1520274785.0,Rotten Tomatoes: Where movie reviews are fresh or rotten https://t.co/DkgsyqojwW https://t.co/jZ239QOQvI
18,BBC,19,0.8126,0.27,0.0,0.73,1520275370.0,"RT @BBC6Music: ü•ü Gool Peran Lowen / Happy #StPiransDay to all of our 
‚Äòansom Cornish listeners. 

To celebrate Gwenno is in session for @la‚Ä¶"
17,BBC,18,0.8384,0.345,0.0,0.655,1520275377.0,"RT @BBCCornwall: It's #StPiransDay - so cheers to everyone! #GoolPeranLowen üåÆ

Bit of fun .. complete this sentence ""You know you're #Corni‚Ä¶"
284,nytimes,85,0.0,0.0,0.0,1.0,1520275446.0,The E! red carpet show at the Oscars felt as though it was on the brink of blowing up at a moment‚Äôs notice https://t.co/RY9QEeG75C
495,CBSNews,96,0.0,0.0,0.0,1.0,1520275685.0,"Sen. Lindsey Graham says new Trump tariffs ""let China off the hook"" https://t.co/hRpGEufAqD https://t.co/HNwu2lMXmF"
16,BBC,17,0.7717,0.251,0.0,0.749,1520276411.0,"This year's #Oscars have been handed out at the 90th annual Academy Awards in Hollywood. Find out who won, and who‚Ä¶ https://t.co/ZxfsMpDVwd"
283,nytimes,84,0.0,0.0,0.0,1.0,1520276440.0,Op-Ed Columnist: Letting Teenagers Live https://t.co/3XRqxbZP1X
494,CBSNews,95,0.4717,0.289,0.0,0.711,1520276584.0,"Sen. Joe Manchin: ""It's not gun control, it's gun sense"" https://t.co/qvXrNXEJuN https://t.co/sF89V49X98"
282,nytimes,83,-0.1531,0.108,0.14,0.753,1520277008.0,"The State Department was granted $120 million to fight Russian meddling. It has spent $0.
https://t.co/omgJPpXNzq"
493,CBSNews,94,-0.7579,0.0,0.245,0.755,1520277661.0,"Police identify Alabama man who killed himself near the White House on Sunday, it is unclear if the incident was po‚Ä¶ https://t.co/dMw90rpn2S"
281,nytimes,82,-0.2732,0.111,0.151,0.738,1520278007.0,"‚ÄúI don‚Äôt think it is the worst hotel in the world,‚Äù says Kosovo‚Äôs president of his capital‚Äôs Grand Hotel. ‚ÄúBut that‚Ä¶ https://t.co/lyf1M6stR6"
492,CBSNews,93,0.0,0.0,0.0,1.0,1520278501.0,"Ahead on @cbsthismorning, @etnow's @KevinFrazier discusses last night's 90th Academy Awards--winners, highlights, a‚Ä¶ https://t.co/EpfmIKZcrs"
15,BBC,16,0.7845,0.33,0.0,0.67,1520278675.0,"‚ù§Ô∏è Just adorable. 
How would you react if your daughter won an Oscar? 
#TheSilentChild #Oscars https://t.co/ienD3dDtKX"
491,CBSNews,92,0.0,0.0,0.0,1.0,1520278861.0,Ryan Seacrest: A-listers skip E! News host's Oscars red carpet show https://t.co/zILcZcpviZ https://t.co/iQe4WBQguT
280,nytimes,81,-0.3182,0.0,0.187,0.813,1520278887.0,Personal Health: Jane Brody‚Äôs Personal Secrets to Lasting Weight Loss https://t.co/ULaVKQ43WD
199,FoxNews,100,0.296,0.121,0.0,0.879,1520278907.0,".@GovMikeHuckabee: ‚ÄúToday the new‚Ä¶ direction of the left is: in the name of tolerance, be intolerant.‚Äù https://t.co/kcZIigQLMU"
490,CBSNews,91,0.4767,0.194,0.0,0.806,1520279101.0,"COMING UP on @CBSThisMorning"" @RikkiJKlieman joins us with legal analysis of motions being heard as comedian Bill C‚Ä¶ https://t.co/kf0eVdyhCH"
198,FoxNews,99,-0.3818,0.21,0.266,0.524,1520279146.0,".@GovMikeHuckabee: ‚ÄúThe glorification of murder, the glorification of the misuse of weapons is at the hands of Holl‚Ä¶ https://t.co/6I9ZCjYyuK"
279,nytimes,80,0.2732,0.231,0.0,0.769,1520279409.0,The Cycling Panther of Paris‚Äôs Fitness Studios https://t.co/0ti2DbuDv2
197,FoxNews,98,0.5859,0.226,0.0,0.774,1520279521.0,Kobe Bryant's Oscar win raises eyebrows on social media on Time's Up-themed night https://t.co/OfLqyPV7dY
14,BBC,15,0.4199,0.157,0.0,0.843,1520279642.0,"üêãüèä What an experience!  
This is what it's like to go swimming with whales... 
#AmazingHotels https://t.co/ji90J6Olsj"
196,FoxNews,97,0.8885,0.382,0.0,0.618,1520280007.0,"During his acceptance speech for Best Actor in a Leading Role at the #Oscars, Gary Oldman expressed his gratitude t‚Ä¶ https://t.co/eKYPie98Ig"
489,CBSNews,90,0.3612,0.197,0.102,0.701,1520280061.0,Miss the Oscars? Here's your complete list of last night's winners: https://t.co/PKzX33htx0 https://t.co/vS8ZGXpPU9
346,BreitbartNews,47,0.0,0.0,0.0,1.0,1520280188.0,https://t.co/CvfuREskao
488,CBSNews,89,0.0258,0.131,0.127,0.742,1520280358.0,The 90th Academy Awards gave the movement for a change in Hollywood a global platform after months of scandal over‚Ä¶ https://t.co/G3EhJedxym
195,FoxNews,96,0.0,0.0,0.0,1.0,1520280556.0,"Moments ago, President @realDonaldTrump tweeted about NAFTA https://t.co/eHseFuPdiS"
487,CBSNews,88,-0.296,0.0,0.104,0.896,1520280630.0,President Trump says he will go through with a plan to impose tariffs on steel and aluminum imports. The president‚Ä¶ https://t.co/tV5eoGIjyK
486,CBSNews,87,-0.4767,0.0,0.177,0.823,1520280757.0,"On Monday, South Korea‚Äôs government sent officials to resume talks in North Korea aimed at lowering the risk of war‚Ä¶ https://t.co/7bBfN0iZ2b"
194,FoxNews,95,-0.5994,0.0,0.17,0.83,1520280798.0,"For the first time since the Vietnam War, a U.S. Navy aircraft carrier is paying a visit to a Vietnamese port. The‚Ä¶ https://t.co/myZxahCq0l"
485,CBSNews,86,0.25,0.1,0.0,0.9,1520280868.0,Chinese President Xi Jinping is expected to be granted broad new powers by the country's National People's Congress‚Ä¶ https://t.co/YwR3APNfn1
484,CBSNews,85,0.4019,0.153,0.0,0.847,1520280926.0,Populist and far-right parties dominated Italy‚Äôs parliamentary election. The results of yesterday‚Äôs vote are a majo‚Ä¶ https://t.co/btaKlVHxIh
483,CBSNews,84,-0.34,0.0,0.112,0.888,1520281006.0,"After the Parkland school shooting, Florida lawmakers are trying to pass new gun legislation for the first time in‚Ä¶ https://t.co/N3FZVEEzuw"
482,CBSNews,83,0.4215,0.135,0.0,0.865,1520281109.0,"More than 400,000 people in the East are still without power on Monday morning after Friday‚Äôs powerful nor‚Äôeaster.‚Ä¶ https://t.co/P5cOV1GWYb"
193,FoxNews,94,0.4939,0.138,0.0,0.862,1520281135.0,Peter Navarro: ‚ÄúThe mission here is to save our aluminum and steel industries for the purposes of preserving our na‚Ä¶ https://t.co/0zUBE2k25K
481,CBSNews,82,0.4215,0.189,0.066,0.746,1520281145.0,West Virginia lawmakers are meeting today to try to reach an agreement to end the statewide teachers' strike. This‚Ä¶ https://t.co/0rtPXBUraX
480,CBSNews,81,-0.4404,0.205,0.362,0.432,1520281261.0,Rape accusation against Kobe Bryant resurfaces after Oscars win https://t.co/ZR2phs3a7u https://t.co/r2rAvA1JnI
278,nytimes,79,0.4767,0.256,0.0,0.744,1520281322.0,The complete list of winners at the 2018 Oscars https://t.co/zeNmUhcvHV
192,FoxNews,93,0.4767,0.186,0.0,0.814,1520281362.0,"Peter Navarro: ‚ÄúAll we‚Äôre trying to do with our trade policy, is to get a fair and level playing field.‚Äù https://t.co/tSyt0uS64D"
345,BreitbartNews,46,-0.4019,0.112,0.224,0.664,1520281365.0,"""The loss of our manufacturing base, which our founders clearly saw as crucial, is dangerous and destabilizing... W‚Ä¶ https://t.co/zKo3DzeEme"
191,FoxNews,92,0.8481,0.325,0.0,0.675,1520281516.0,"Peter Navarro: ‚ÄúThis is a great president, doing great things for men and women who work with their hands.‚Äù https://t.co/GqM3d4AF6E"
13,BBC,14,0.0,0.0,0.0,1.0,1520281992.0,"RT @bbcgetinspired: It was a feat some doctors said was impossible. Then Roger Bannister came along.

The first man to run a four-minute mi‚Ä¶"
479,CBSNews,80,0.0,0.0,0.0,1.0,1520282036.0,"Here are three things you should know this morning:
1‚É£DACA deadline arrives
2‚É£Netanyahu visits White House
3‚É£First‚Ä¶ https://t.co/bj99DszSqj"
12,BBC,13,0.6369,0.189,0.0,0.811,1520282044.0,"What is the best way to cope with adult acne? @BBCWomansHour asked dermatologist @DrAnjaliMahto to find out... 
üìªüëâ‚Ä¶ https://t.co/DxHxgWTslT"
190,FoxNews,91,-0.2247,0.132,0.18,0.688,1520282063.0,.@LannyDavis: ‚ÄúPresident Trump and I agree on our very poor opinion on Mr. Comey‚Äôs judgment.‚Äù https://t.co/aWIU8Yg7nK
478,CBSNews,79,-0.6908,0.0,0.251,0.749,1520282149.0,"Warning: parts of this video are disturbing.
Newly-released video shows the deadly ambush of 4 soldiers in Niger. I‚Ä¶ https://t.co/Bf4YdogesC"
277,nytimes,78,0.0,0.0,0.0,1.0,1520282413.0,Photos from the Oscars red carpet https://t.co/GcITTAEbPw https://t.co/i6Metlxvc6
477,CBSNews,78,0.4019,0.162,0.0,0.838,1520282461.0,"Far-right and anti-EU parties surge in what one local paper called ""Ungovernable Italy"" https://t.co/yjxowk5taa https://t.co/ZrO6AV61NT"
344,BreitbartNews,45,0.0,0.0,0.0,1.0,1520282466.0,https://t.co/4Ky3gNosgq
476,CBSNews,77,0.0,0.0,0.0,1.0,1520282638.0,A CBS News investigation finds electronics could contain the product of child labor. A report by Amnesty Internatio‚Ä¶ https://t.co/iIfF7BROHB
189,FoxNews,90,-0.4019,0.056,0.129,0.815,1520282682.0,.@michellemalkin: ‚ÄúAt the end of the day‚Ä¶ the number of Americans who are tuning out all of these hypocritical libe‚Ä¶ https://t.co/YCS2YQMMnV
475,CBSNews,76,0.0,0.0,0.0,1.0,1520283275.0,Here are some of this morning‚Äôs other headlines on @CBSThisMorning: https://t.co/c9Ffou523F
276,nytimes,77,0.0,0.0,0.0,1.0,1520283404.0,One famous designer chair is oozing goop. Another has exploded into puffs of foam. A bookcase‚Äôs shelves bubbled as‚Ä¶ https://t.co/H6Jsl5wpsP
188,FoxNews,89,-0.128,0.0,0.077,0.923,1520283516.0,"Stuart Varney: ‚ÄúThe opening gambit from Donald Trump on tariffs is a tough negotiating position, which will be adju‚Ä¶ https://t.co/BFx2xTP5Bp"
343,BreitbartNews,44,0.0,0.0,0.0,1.0,1520283659.0,https://t.co/EwsuNV0WcN
474,CBSNews,75,-0.34,0.0,0.175,0.825,1520283662.0,"Desperate for food and basic medicines, Syrian civilians in Ghouta awaited a 46-truck convoy organized by the U.N.‚Ä¶ https://t.co/6i9q8tOaaA"
187,FoxNews,88,-0.296,0.0,0.145,0.855,1520283893.0,"Trump: ‚ÄòNew and fair‚Äô NAFTA pact only way to stop steel, aluminum tariffs https://t.co/qh5UTsDkRr"
473,CBSNews,74,0.5046,0.14,0.0,0.86,1520283913.0,.@etnow‚Äôs @KevinFrazier was on the Oscars red carpet on Sunday night. He has more on the awards from Los Angeles‚Ä¶ https://t.co/OWYMYQU8wM
11,BBC,12,0.0,0.0,0.0,1.0,1520284039.0,RT @BBCFood: #MeatFreeMonday + #BritishPieWeek = Lancashire cheese and onion pie üôå ü•ßüßÄ https://t.co/07cH2MESmI https://t.co/G79WTJJnKr
275,nytimes,76,0.0,0.0,0.0,1.0,1520284206.0,Here‚Äôs what you need to know to start your day https://t.co/DWnDUCOJEm
472,CBSNews,73,0.4019,0.13,0.0,0.87,1520284252.0,Special Counsel Robert Mueller reported has what @axios calls a ‚Äúhit list‚Äù of people who communicated with one witn‚Ä¶ https://t.co/9kBN5zMMLj
471,CBSNews,72,-0.4767,0.0,0.134,0.866,1520284308.0,A U.N. convoy is delivering badly needed aid to Eastern Ghouta this morning. The supplies come after the area saw r‚Ä¶ https://t.co/pbdyj6Uh9o
274,nytimes,75,0.296,0.135,0.086,0.779,1520284387.0,"RT @mikiebarb: On today‚Äôs Daily: a haunting conversation between six 14-year old girls who survived the shooting at Stoneman Douglas, as th‚Ä¶"
470,CBSNews,71,0.6808,0.248,0.0,0.752,1520284471.0,.@CBSThisMorning is revealing the cover of their very first book: ‚ÄúNote To Self: Inspiring Words from Inspiring Peo‚Ä¶ https://t.co/E0GxYpr2fX
599,USATODAY,100,0.6604,0.303,0.101,0.596,1520284506.0,"Missed the Oscars last night? Don't worry, we've ranked the best speeches from the ceremony. https://t.co/kL433cKGgk"
10,BBC,11,0.0,0.0,0.0,1.0,1520284623.0,"üê∂üíõ Little Ivor the Staffordshire puppy is deaf, but since learning sign language his life has changed for the bette‚Ä¶ https://t.co/vL83oBTAIL"
186,FoxNews,87,-0.7579,0.113,0.418,0.469,1520284715.0,ISIS suspects arrested after US Embassy in Turkey closed due to 'security threat' https://t.co/vsCXqgScyi
342,BreitbartNews,43,0.0,0.0,0.0,1.0,1520284722.0,https://t.co/VG1S8QhltL
469,CBSNews,70,-0.5859,0.0,0.153,0.847,1520284798.0,Bill Cosby is going back to court today for a pre-trial hearing in his sexual assault case. His first trial ended i‚Ä¶ https://t.co/EYZrfOPmIH
468,CBSNews,69,0.0258,0.114,0.11,0.776,1520284861.0,"During Oscars, Hollywood takes aim at President Trump, with topics like immigration, gun laws and the president's p‚Ä¶ https://t.co/zq0dPAeABq"
273,nytimes,74,0.0,0.0,0.0,1.0,1520285106.0,"Jimmy Kimmel threw barbs at Harvey Weinstein, President Trump and Mike Pence https://t.co/WAlXzAl9gR"
467,CBSNews,68,0.0,0.0,0.0,1.0,1520285145.0,One Texas city is trading public busses for ride-sharing. Arlington introduced commuter busses in 2013 but now the‚Ä¶ https://t.co/oCV1Kl7btR
598,USATODAY,99,-0.4767,0.077,0.157,0.766,1520285244.0,RT @JillDLawrence: From Anthony Romero &amp; @CrisAlexJimenez on deadline day: Trump created #DACA #Dreamers crisis and he could fix it right n‚Ä¶
272,nytimes,73,0.0,0.0,0.0,1.0,1520285403.0,"Is Phillip Picardi, a former intern who now heads up Teen Vogue, the future of Cond√© Nast? Anna Wintour seems to th‚Ä¶ https://t.co/eoE7m8DLIv"
185,FoxNews,86,0.7269,0.379,0.0,0.621,1520285414.0,"Orphaned baby chimp rescued from poacher, snuggles pilot on rescue flight https://t.co/HHC8J8Io14"
597,USATODAY,98,0.8957,0.362,0.0,0.638,1520285431.0,"Rita Moreno wore the same #Oscars dress she wore in 1962, when she won best supporting actress for ‚ÄúWest Side Story‚Ä¶ https://t.co/DfsljK7cvH"
466,CBSNews,67,0.0,0.0,0.0,1.0,1520285638.0,Here are some of this morning‚Äôs other headlines on @CBSThisMorning https://t.co/luQr20KMKA
596,USATODAY,97,0.0,0.0,0.0,1.0,1520285741.0,Did Taraji P. Henson serve Ryan Seacrest some shade on Sunday's #Oscars red carpet? https://t.co/ZYp5KCEA55
465,CBSNews,66,-0.1027,0.118,0.136,0.746,1520285793.0,"Newsguard Technologies aims to help people navigate through fake news on social media, using analysts to research &amp;‚Ä¶ https://t.co/ThHReSAGWv"
341,BreitbartNews,42,0.0,0.0,0.0,1.0,1520285804.0,https://t.co/0r1ZX90LrV
271,nytimes,72,0.0,0.0,0.0,1.0,1520286011.0,Tiffany Haddish and Maya Rudolph brought some pointed (and hilarious) satire to the stage while presenting awards.‚Ä¶ https://t.co/SaFAhfid7V
464,CBSNews,65,0.0,0.0,0.0,1.0,1520286061.0,DACA permit deadline arrives with diminished sense of urgency https://t.co/n3tRee5K6n https://t.co/mp7p3lUd3Z
595,USATODAY,96,0.6124,0.167,0.0,0.833,1520286306.0,"""As basketball players, we‚Äôre really supposed to shut up and dribble, but I‚Äôm glad we‚Äôre doing a bit more than that‚Ä¶ https://t.co/ORckyfWwLN"
594,USATODAY,95,0.0,0.0,0.0,1.0,1520286400.0,Did the #Oscars take place in Wakanda this year? https://t.co/ov0Q4IyRU2 #BlackPanther #WakandaForever
463,CBSNews,64,-0.34,0.0,0.107,0.893,1520286519.0,Writer &amp; TV host Brad Meltzer has revealed some of history‚Äôs biggest secrets -- from Reagan carrying a gun to findi‚Ä¶ https://t.co/G24JxWZP3z
340,BreitbartNews,41,0.0,0.0,0.0,1.0,1520286896.0,https://t.co/xwHli58EIe
270,nytimes,71,-0.8687,0.0,0.403,0.597,1520286901.0,Opioids are not America‚Äôs only significant drug problem. Cocaine is the No. 2 killer and claims more lives than her‚Ä¶ https://t.co/tUthIPicim
184,FoxNews,85,-0.3818,0.0,0.178,0.822,1520287175.0,"Shootings at Chicago gang members' funerals getting 'out of control', police say https://t.co/VdZ5fbWshu"
593,USATODAY,94,-0.7783,0.091,0.387,0.522,1520287226.0,"A German energy executive has been badly injured in an acid attack, his company has confirmed. https://t.co/lB16jEcy7l"
462,CBSNews,63,0.0,0.0,0.0,1.0,1520287261.0,Ohio Senate race shows how NRA exercises its political power https://t.co/93SelLazoF https://t.co/LSZG3fZiF4
183,FoxNews,84,0.2732,0.264,0.176,0.56,1520287604.0,Georgia police rescue fleeing suspect from drainage ditch https://t.co/3WuyGQu2IU
9,BBC,10,0.0,0.0,0.0,1.0,1520287620.0,"RT @cbbc: Which football clubs charge the most for their pies? Take the imPIErative quiz here ‚öΩÔ∏èüç¥ üëâ https://t.co/xlSch4HVvl

#BritishPieWee‚Ä¶"
592,USATODAY,93,0.4019,0.114,0.0,0.886,1520287742.0,"RT @LindaDono: In his efforts to help U.S. steel and aluminum manufacturers, President Trump has roiled other parts of the economy, @varvel‚Ä¶"
269,nytimes,70,0.4019,0.114,0.0,0.886,1520287802.0,"Lupita Nyong'o: ""We are dreamers. We grew up dreaming of one day working in movies. Dreams are the foundation of Ho‚Ä¶ https://t.co/kpxUHTLF75"
8,BBC,9,-0.6621,0.0,0.24,0.76,1520287888.0,"RT @bbc5live: When you almost (accidentally) kill @Harry_Styles on the set of Dunkirk‚Ä¶ üò≥

 #Oscars https://t.co/G127l5yPkY"
339,BreitbartNews,40,0.0,0.0,0.0,1.0,1520287942.0,https://t.co/4kyzZsQ9ON
591,USATODAY,92,0.0,0.0,0.0,1.0,1520288065.0,5 things you should know happened at the #Oscars. https://t.co/YMW9RL0JRt https://t.co/4kI0y1NXYr
590,USATODAY,91,-0.2263,0.0,0.095,0.905,1520288105.0,West Virginia's parents are anxiously trying to fill their children's idle hours with something besides TV and vide‚Ä¶ https://t.co/2swXe8cmb3
589,USATODAY,90,0.0,0.0,0.0,1.0,1520288106.0,Ifrah Siddique's family says the mirror was so heavy her mother and another relative could barely pull it off her. https://t.co/yUURYq22Lk
461,CBSNews,62,0.0,0.0,0.0,1.0,1520288113.0,"HAPPENING NOW: Bill Cosby enters a court house in Montgomery County, Pennsylvania, for the pre- trial hearing for h‚Ä¶ https://t.co/oWyhJob4KV"
460,CBSNews,61,0.5574,0.235,0.0,0.765,1520288200.0,"Director, writer and actor Jordan Peele made history at the Academy Awards, crediting Oscar-winner Whoppi Goldberg‚Ä¶ https://t.co/ZFRRnQixDT"
459,CBSNews,60,0.2584,0.156,0.0,0.844,1520288370.0,Commentary: Three reasons Trump won't fire Jeff Sessions -- probably https://t.co/PfEeBMuHSc https://t.co/GT9jSVkXJw
268,nytimes,69,0.0,0.0,0.0,1.0,1520288407.0,"Around the world, parents have preferred to have sons more than daughters. In America, there are signs that‚Äôs chang‚Ä¶ https://t.co/MEdReaRrRc"
182,FoxNews,83,0.6771,0.317,0.0,0.683,1520288989.0,Trump: Obama DOJ launched 'unprecedented' probe to 'discredit' him 'so Crooked H would win' https://t.co/NmmVNeHJTt
338,BreitbartNews,39,0.0,0.0,0.0,1.0,1520288991.0,https://t.co/8BaY03eSD5
588,USATODAY,89,0.4404,0.153,0.0,0.847,1520289009.0,It was a gift that may have been planted by George Washington more than 200 years ago. https://t.co/Il9yO1O4at
458,CBSNews,59,0.5423,0.189,0.0,0.811,1520289061.0,President Trump's Mideast peace plan in flux as Israeli PM Netanyahu visits White House https://t.co/2M0mTSowPD https://t.co/5dVjiYh7hG
181,FoxNews,82,-0.296,0.0,0.268,0.732,1520289152.0,Stocks Open Lower Amid Trade Concerns https://t.co/pRdyOpfhzc
267,nytimes,68,0.6705,0.244,0.0,0.756,1520289307.0,South Korean envoys met North Korea's leader to help kick-start a dialogue between the North and the United States https://t.co/uMJgvIg5pg
7,BBC,8,0.0,0.0,0.0,1.0,1520289756.0,"RT @BBC_Teach: Thursday is #InternationalWomensDay

Reflecting on The Representation of the People Act with your class? @gemcairn traces th‚Ä¶"
6,BBC,7,-0.1779,0.0,0.145,0.855,1520289793.0,RT @BBCFOUR: How did Julius Caesar hide his bald patch? https://t.co/SME5Dfwifj
587,USATODAY,88,-0.3818,0.0,0.302,0.698,1520289905.0,1: Fight stereotypes ‚Äî including your own. https://t.co/GL5JEWFhfQ
266,nytimes,67,0.836,0.294,0.0,0.706,1520289909.0,"‚ÄúThe Shape of Water‚Äù won best picture at an Oscars ceremony that touched on politics, diversity and the #MeToo move‚Ä¶ https://t.co/4LAUIooSJy"
457,CBSNews,58,-0.5994,0.0,0.178,0.822,1520289961.0,Pres. Trump appears to be embracing potential for trade war as the administration defended the tariff decision from‚Ä¶ https://t.co/sj1bZpnKKo
180,FoxNews,81,-0.0516,0.121,0.129,0.75,1520290048.0,.@RepRutherfordFL: ‚ÄúDouglas High School is‚Ä¶ an example of how everything can go wrong. Even the good guy with a gun‚Ä¶ https://t.co/GDTPmoPQXq
337,BreitbartNews,38,0.0,0.0,0.0,1.0,1520290068.0,https://t.co/wmNO9IGzlK
5,BBC,6,0.0,0.0,0.0,1.0,1520290123.0,"RT @BBCRadio4: As it's Hexagonal Phase approaches, a brief history of the Hitchhiker's Guide: https://t.co/Ehp9AfMyn8 #h2g2 https://t.co/9F‚Ä¶"
586,USATODAY,87,0.0,0.0,0.0,1.0,1520290124.0,Let there be light! https://t.co/BwjM6GkQ9h #Oscars (Photos: USA TODAY) https://t.co/valX9fD9Tj
179,FoxNews,80,0.4215,0.149,0.0,0.851,1520290181.0,.@RepRutherfordFL: ‚ÄúJeff Sessions has a unique opportunity right now as attorney general to change the culture with‚Ä¶ https://t.co/vke8OrH9LA
178,FoxNews,79,0.34,0.179,0.0,0.821,1520290222.0,".@michellemalkin: Surrounded by Armed Security, 'Hypocritical' Celebs Lecture America on Guns https://t.co/P5n0XRiu5b"
585,USATODAY,86,-0.1511,0.0,0.15,0.85,1520290501.0,Warren Beatty wasn't taking any chances. ‚úâÔ∏è https://t.co/foWGxqhAku #Oscars #envelopegate
265,nytimes,66,-0.6249,0.0,0.282,0.718,1520290811.0,Anti-immigrant and anti-establishment anger appeared to pay off for populist forces in Italy's election https://t.co/m8r7aUey3l
456,CBSNews,57,-0.2732,0.0,0.149,0.851,1520290861.0,Republicans in Congress try to keep a low profile going into 2018 https://t.co/7u8tQVBR91 https://t.co/jbt3D2sprg
336,BreitbartNews,37,0.0,0.0,0.0,1.0,1520291189.0,https://t.co/lka3SbWW6W
177,FoxNews,78,-0.4215,0.0,0.149,0.851,1520291676.0,".@Judgenap: ‚ÄúThe guilty plea of Richard Gates, Paul Manafort‚Äôs business partner‚Ä¶ has proven to be a treasure-trove‚Ä¶ https://t.co/7Y5XjotPhH"
264,nytimes,65,0.0,0.0,0.0,1.0,1520291707.0,Photos from the Oscars red carpet https://t.co/ij9Qo9odUC https://t.co/fZGNGbs5lh
455,CBSNews,56,-0.5859,0.0,0.27,0.73,1520291761.0,Some lawmakers on both sides of the aisle are avoiding national gun debate https://t.co/McSobuCsiI https://t.co/7y1SN0LAsu
584,USATODAY,85,-0.34,0.0,0.167,0.833,1520291829.0,USA TODAY was backstage at the Oscars. We saw some crazy things https://t.co/YP1Rjo8Eye
583,USATODAY,84,-0.1779,0.16,0.19,0.649,1520291838.0,News &amp; views: Why Gary Oldman and Kobe Bryant's Oscar wins were the night's biggest tragedy https://t.co/7dSn49ro1Y
582,USATODAY,83,0.8271,0.355,0.0,0.645,1520291987.0,"And the award for best accessory goes to... https://t.co/SxsyP22hK7 #Oscars (Photos: Dan MacMedan, USA TODAY) https://t.co/SqvNF95BHU"
581,USATODAY,82,0.4588,0.214,0.0,0.786,1520292058.0,What you didn‚Äôt see on TV at the Academy Awards. https://t.co/aTkouUZ8E6 #Oscars
335,BreitbartNews,36,0.0,0.0,0.0,1.0,1520292275.0,https://t.co/lLaAsit3WB
580,USATODAY,81,-0.296,0.0,0.196,0.804,1520292361.0,Taraji P. Henson says there was no shade. https://t.co/9osXqUoa0L #Oscars
176,FoxNews,77,-0.128,0.0,0.2,0.8,1520292504.0,WV Teachers‚Äô Statewide Strike Continues https://t.co/i0Y2lbuBvg https://t.co/xl5aqDdGT1
579,USATODAY,80,0.3612,0.263,0.0,0.737,1520292549.0,"British jokester ""snowbathes"" during winter storm. üòé#snowday https://t.co/XPbyqoVs2R"
578,USATODAY,79,-0.5994,0.0,0.206,0.794,1520292611.0,It's the first time such a ship has docked in the country since the Vietnam War. https://t.co/YF570CdZXi
263,nytimes,64,0.0,0.0,0.0,1.0,1520292617.0,Here‚Äôs what you need to know to start your day https://t.co/AVyWmPb7eA
454,CBSNews,55,0.4588,0.15,0.0,0.85,1520292696.0,"During her Oscars acceptance speech, Frances McDormand left the audience with two words: inclusion rider. She learn‚Ä¶ https://t.co/d9FzNxD6MB"
577,USATODAY,78,-0.4497,0.0,0.134,0.866,1520292917.0,"Did celebs skip Ryan Seacrest because of the allegations? It's impossible to say, but there was a noticeable lack o‚Ä¶ https://t.co/XFLeFYgJA5"
175,FoxNews,76,-0.743,0.0,0.249,0.751,1520292928.0,"John McCormack: ""The problem with trade wars‚Ä¶ is that they tend to escalate. These wars tend to escalate, they‚Äôre n‚Ä¶ https://t.co/IxzMeuM4Wf"
576,USATODAY,77,0.0,0.0,0.0,1.0,1520293152.0,"For one night, Kobe Bryant was Hollywood royalty. https://t.co/yFWoJqHYgN #Oscars"
174,FoxNews,75,0.128,0.111,0.0,0.889,1520293162.0,"Trump's DACA deadline passes under legal cloud, with urgency dwindling in Congress https://t.co/lptA1Jyseo"
334,BreitbartNews,35,0.0,0.0,0.0,1.0,1520293394.0,https://t.co/8EcYtTpVo1
453,CBSNews,54,-0.34,0.0,0.112,0.888,1520293502.0,"Gun store owners called it the ""Trump slump:"" Sales of firearms slowed dramatically after the election of Donald Tr‚Ä¶ https://t.co/NB177QvRO7"
575,USATODAY,76,0.5267,0.226,0.089,0.685,1520293508.0,This app empowers women to feel secure and confident in the uncertain world of online dating. Story from @oncetheapp https://t.co/tYlD23BniT
262,nytimes,63,0.0,0.0,0.0,1.0,1520293511.0,"Jimmy Kimmel threw barbs at Harvey Weinstein, President Trump and Mike Pence https://t.co/WuTFHnqCkh"
173,FoxNews,74,-0.2023,0.0,0.13,0.87,1520293696.0,"Jimmy Kimmel's 'divisive,' politically charged Oscars could be least watched in history https://t.co/a6x7VfGsKD"
261,nytimes,62,0.4019,0.109,0.0,0.891,1520293824.0,An escort said she had more than 16 hours of audio recordings that could help shed light on Russian meddling in U.S‚Ä¶ https://t.co/YGjKxvNSH7
574,USATODAY,75,0.0,0.0,0.0,1.0,1520294416.0,"""We have large trade deficits with Mexico and Canada. NAFTA, which is under renegotiation right now, has been a bad‚Ä¶ https://t.co/sEElTOP8fc"
260,nytimes,61,0.296,0.162,0.103,0.735,1520294444.0,"In a haunting conversation, 6 teenagers who survived the Florida shooting talk about the day their childhood ended https://t.co/2lL3bPABnK"
452,CBSNews,53,-0.0516,0.0,0.091,0.909,1520294461.0,Harvard professor placed on leave following series of sexual misconduct allegations https://t.co/qYkKP9ajkL https://t.co/ElMl33uftS
333,BreitbartNews,34,0.0,0.0,0.0,1.0,1520294559.0,https://t.co/9DNIbVmIzD
172,FoxNews,73,0.1779,0.184,0.136,0.68,1520295022.0,ISIS uses US Special Forces helmet cam in twisted propaganda video https://t.co/Pk4ptv6qaw
332,BreitbartNews,33,0.0,0.0,0.0,1.0,1520295023.0,"RT @SiriusXMPatriot: ""We Are #Victims of #Welfare ""  #SonniesCorner with @SonnieJohnson on @SiriusXM #Patriot 125 @SXMPolitics @BreitbartNe‚Ä¶"
573,USATODAY,74,0.4019,0.278,0.0,0.722,1520295182.0,inside Elton John's star-studded viewing party. https://t.co/xFk06k9tCZ #Oscars
572,USATODAY,73,-0.2263,0.0,0.128,0.872,1520295305.0,"The Pentagon is investigating whether the soldiers had sufficient weaponry, ammunition and training. https://t.co/hfWgCHIUtl"
259,nytimes,60,0.0,0.0,0.0,1.0,1520295309.0,"‚ÄúThere are more complexities here than in brain surgery,‚Äù Ben Carson. ‚ÄúDoing this job is going to be a very intrica‚Ä¶ https://t.co/lzlxuzT8pc"
451,CBSNews,52,0.6808,0.321,0.107,0.573,1520295361.0,"United Airlines swaps out employee bonuses with lottery, employees reportedly unhappy to get chance at cash or priz‚Ä¶ https://t.co/JlATXVTkxA"
571,USATODAY,72,0.1779,0.124,0.0,0.876,1520295466.0,RT @usatodaytech: Report: Amazon checking accounts? Something similar could be coming soon https://t.co/zfXWDeJxvO
331,BreitbartNews,32,0.0,0.0,0.0,1.0,1520295759.0,üååüß† https://t.co/qqgHsPxLai
258,nytimes,59,0.0258,0.058,0.0,0.942,1520295781.0,RT @EricLiptonNYT: This scene is unfolding today at Trump Hotel in Panama. NYT has a reporter in the lobby. https://t.co/jaz00lZEc9
171,FoxNews,72,-0.4404,0.0,0.225,0.775,1520296133.0,Nor'easter uncovers wreck of Revolutionary War-era ship on Maine beach https://t.co/K3xSTF8usY
570,USATODAY,71,0.4404,0.266,0.0,0.734,1520296209.0,Lacoste's crocodile is stepping aside ‚Äî for a good cause. https://t.co/fMPkgd75Hy
569,USATODAY,70,0.0,0.0,0.0,1.0,1520296209.0,Phew! https://t.co/UKGYijbHEc
257,nytimes,58,0.34,0.124,0.0,0.876,1520296229.0,Fashion played an anonymous role at the Oscars so that the people ‚Äî namely the women ‚Äî could shine https://t.co/e5jV6SMJl3
170,FoxNews,71,-0.4019,0.0,0.209,0.791,1520296273.0,West Virginia teacher strike enters eighth day with no end in sight https://t.co/4i4ZvEFm33 #FoxNewsUS (via @christocarbone)
169,FoxNews,70,0.34,0.103,0.0,0.897,1520296762.0,"RT @FoxBusiness: Peter Navarro on tariffs: ""This is what this whole thing is about... it's protecting our national security and economic se‚Ä¶"
168,FoxNews,69,-0.1808,0.116,0.105,0.779,1520296771.0,"RT @FoxBusiness: Peter Navarro: ""If we don't impose these tariffs, we will lose our aluminum industry within a matter of a few years and ou‚Ä¶"
167,FoxNews,68,0.0,0.0,0.0,1.0,1520296783.0,"RT @FoxBusiness: Peter Navarro on opposition to tariffs: ""If you go to Ohio or Pennsylvania or you go to the heartland of American Main Str‚Ä¶"
166,FoxNews,67,0.0,0.0,0.0,1.0,1520296791.0,"RT @FoxBusiness: Peter Navarro on tariffs' economic impact: ""The impact of these tariffs from a macroeconomic point of view are zero."" http‚Ä¶"
450,CBSNews,51,-0.6249,0.0,0.389,0.611,1520296801.0,Doctors protest after wrong patient gets brain surgery https://t.co/ELaC1DE3E0 https://t.co/FR1SWv0NGA
568,USATODAY,69,0.0,0.0,0.0,1.0,1520296809.0,"#TodayInHistory Jerrie Cobb was born. Despite passing the qualifying exams, she wasn‚Äôt allowed to train to be an as‚Ä¶ https://t.co/UwYZKwI6OR"
330,BreitbartNews,31,0.0,0.0,0.0,1.0,1520296918.0,https://t.co/eznEzBiXlk
567,USATODAY,68,0.0,0.0,0.0,1.0,1520297106.0,"In a recent episode, Dayanna Volitich said more white nationalists need to become teachers. https://t.co/37wACJ7g1h"
256,nytimes,57,-0.4404,0.0,0.153,0.847,1520297108.0,"Condom use, bondage, dirty talk, sexting: an app lets users set their boundaries before an encounter https://t.co/zYsWrQBb5Q"
255,nytimes,56,-0.25,0.101,0.185,0.714,1520297531.0,"History is full of movements led by students. Some were successful and others brutally crushed, but even the latter‚Ä¶ https://t.co/wnMnumG48N"
165,FoxNews,66,0.6124,0.25,0.0,0.75,1520297755.0,".@Richardafowler: ‚ÄúWhile I don‚Äôt agree with this president on much, I do agree with his position on trade.‚Äù https://t.co/uSrgIVQ2YD"
164,FoxNews,65,0.0,0.0,0.0,1.0,1520297925.0,".@LawrenceBJones3: ""The reality of it is, sometimes trade isn't fair."" https://t.co/8GeOYd3RYj"
566,USATODAY,67,0.6767,0.293,0.0,0.707,1520298022.0,Love online shopping? Don't have a bank account? Amazon's got you covered. https://t.co/w30h8JJoww
254,nytimes,55,-0.0516,0.153,0.163,0.684,1520298025.0,A look at the most memorable moments ‚Äî for better or for worse ‚Äî at the Oscars https://t.co/ERhp4jXiPu
4,BBC,5,0.1531,0.105,0.077,0.818,1520298031.0,"""I made a promise to our six-year-old lead actress that I would sign this speech. My hands are shaking a little bit‚Ä¶ https://t.co/HgFpUtHDTB"
329,BreitbartNews,30,0.0,0.0,0.0,1.0,1520298060.0,https://t.co/onDBxuXIeN
449,CBSNews,50,-0.4767,0.0,0.14,0.86,1520298061.0,CBS News investigation has found child labor being used in the dangerous mining of cobalt in the Democratic Republi‚Ä¶ https://t.co/OuBwB9hinw
163,FoxNews,64,0.0,0.0,0.0,1.0,1520298146.0,Awaiting Arrival of Israeli PM @netanyahu and First Lady Sara Netanyahu https://t.co/FVKBXpW3ni
448,CBSNews,49,0.3182,0.113,0.0,0.887,1520298590.0,MOMENTS AGO: President Trump and first lady Melania Trump greet Israeli Prime Minister Benjamin Netanyahu and his w‚Ä¶ https://t.co/nNaPFrDH46
162,FoxNews,63,0.3182,0.15,0.0,0.85,1520298678.0,President @realDonaldTrump and @FLOTUS Greet Israeli PM @netanyahu and First Lady Sara Netanyahu https://t.co/VllbK9MHFd
161,FoxNews,62,0.0,0.0,0.0,1.0,1520298879.0,"Judicial Watch sues DOJ for Bruce and Nellie Ohr records related to Fusion GPS, anti-Trump dossier - via‚Ä¶ https://t.co/4b5nA61Bn4"
253,nytimes,54,0.0,0.0,0.0,1.0,1520298903.0,"In search of reasonable rent, the middle-class backbone of San Francisco ‚Äî maitre d‚Äôs, teachers, bookstore managers‚Ä¶ https://t.co/KVQElSUUOL"
565,USATODAY,66,0.0,0.0,0.0,1.0,1520298906.0,NBC is putting its money where its drama is. https://t.co/Dhs8CKTRdl
3,BBC,4,0.4472,0.211,0.0,0.789,1520298934.0,RT @BBCFOUR: The little mouse that inspired Pikachu is actually... a rabbit. https://t.co/mHCFFXczka
564,USATODAY,65,0.0,0.0,0.0,1.0,1520299141.0,Winter Storm Watch: The same system is forecast to transform into a #noreaster that will hit the Northeast and New‚Ä¶ https://t.co/VN5dMhfmnd
563,USATODAY,64,-0.296,0.0,0.136,0.864,1520299354.0,Did Taraji P. Henson shade Ryan Seacrest on Oscars red carpet? She says no https://t.co/tAWrjAtnKI
562,USATODAY,63,0.3612,0.263,0.0,0.737,1520299356.0,'Fat' runner redefines what athleticism looks like https://t.co/1VjmbgBNkT
2,BBC,3,0.6124,0.263,0.0,0.737,1520299402.0,"Like father, like daughter.

üòÇüî• @GordonRamsay's daughter has already mastered the art of the roast. https://t.co/0dqwntX5uj"
328,BreitbartNews,29,0.0,0.0,0.0,1.0,1520299410.0,https://t.co/6NNetaGew8
252,nytimes,53,-0.3818,0.0,0.126,0.874,1520299455.0,President Trump used his newly announced steel and aluminum tariffs to threaten 2 of the U.S.‚Äôs closest trading par‚Ä¶ https://t.co/Eqsz34rbAa
561,USATODAY,62,-0.4404,0.0,0.245,0.755,1520299484.0,West Virginia teachers packed lunches for their needy students before going on strike. https://t.co/xbuYnhz9fo
160,FoxNews,61,0.0,0.0,0.0,1.0,1520299678.0,"Utica College on lockdown due to 'credible threat,' officials say https://t.co/MOM2pdqqWA"
251,nytimes,52,0.5106,0.237,0.1,0.664,1520299827.0,"In Opinion 

Op-Ed contributor Bethany Mandel writes, ""For many, support for gun rights is motivated precisely by o‚Ä¶ https://t.co/4wfhcM5wFn"
447,CBSNews,48,0.0,0.0,0.0,1.0,1520299844.0,Amazon's next product may be a checking account https://t.co/9y3hrPbkxe https://t.co/rDnoEIGPS5
446,CBSNews,47,0.0,0.0,0.0,1.0,1520300028.0,MOMENTS AGO: President Trump meets with Israeli Prime Minister Netanyahu in the Oval Office https://t.co/rqvozDTAGW https://t.co/ZWd8qPH5qf
445,CBSNews,46,0.5719,0.188,0.0,0.812,1520300158.0,"‚ÄúJerusalem was a wonderful thing...Many presidents were discussing whether or not to make that decision, they promi‚Ä¶ https://t.co/CkYx8aUqvD"
250,nytimes,51,-0.3182,0.0,0.099,0.901,1520300223.0,RT @KirkSemple: Majority owner of Trump Hotel in Panama declares victory against the Trumps in struggle for the property‚Äôs control and play‚Ä¶
159,FoxNews,60,0.8074,0.289,0.0,0.711,1520300269.0,".@POTUS: ‚ÄúIt‚Äôs a great honor to have Prime Minister Netanyahu and Mrs. Netanyahu with us‚Ä¶ We have, I would say, pro‚Ä¶ https://t.co/IjQNGoFNFf"
444,CBSNews,45,-0.1197,0.144,0.167,0.689,1520300401.0,"RECALL ALERT: Nearly 40,000 high chairs sold at Walmart recalled after five kids hurt https://t.co/dNkvpM3sp1 https://t.co/vGN69rsTAc"
249,nytimes,50,0.4215,0.123,0.0,0.877,1520300454.0,"RT @kevinroose: Thousands of engineers and PhDs spent decades developing powerful A.I. and neural networks, all so that I could turn myself‚Ä¶"
443,CBSNews,44,0.6705,0.208,0.0,0.792,1520300475.0,"‚ÄúIf I had to say what is greatest challenge in the Middle East to both of our countries, and our Arab neighbors, it‚Ä¶ https://t.co/AjFqSWQcn1"
158,FoxNews,59,0.0,0.0,0.0,1.0,1520300550.0,".@netanyahu: ‚ÄúThis is the first time we meet in Washington, America‚Äôs capital, after you declared... Jerusalem as I‚Ä¶ https://t.co/eyTeNm1TUP"
157,FoxNews,58,-0.2263,0.0,0.16,0.84,1520300615.0,.@netanyahu: ‚ÄúIran must be stopped. That is our common challenge.‚Äù https://t.co/DKIfnc92gw
442,CBSNews,43,0.0,0.0,0.0,1.0,1520300648.0,"President Trump answers reporters' questions on new Embassy in Jerusalem, saying he may visit Israel again‚Ä¶ https://t.co/6qf1sCJ7D5"
560,USATODAY,61,0.0,0.0,0.0,1.0,1520300705.0,üòû https://t.co/rwUN8qoT5R
248,nytimes,49,0.0,0.0,0.0,1.0,1520300707.0,"Before Philando Castile was shot by a police officer, he was the school nutrition worker who often swooped in to pa‚Ä¶ https://t.co/TXaLJMIA7b"
156,FoxNews,57,0.6486,0.27,0.0,0.73,1520300727.0,".@netanyahu: ‚ÄúMr. President I just want to say, thank you for your leadership and thank you for your tremendous fri‚Ä¶ https://t.co/SPsR8k45yc"
327,BreitbartNews,28,0.6369,0.279,0.0,0.721,1520300755.0,‚ÄúThe new tax reform law has boosted the economy and we certainly don‚Äôt want to jeopardize those gains.‚Äù https://t.co/U4Cfa2Fgs2
155,FoxNews,56,0.4576,0.3,0.0,0.7,1520300853.0,.@POTUS: ‚ÄúIsrael is very special to me.‚Äù https://t.co/K5i1TZm9O3
441,CBSNews,42,-0.5849,0.0,0.153,0.847,1520300864.0,"‚ÄúWe have a very bad deal with Mexico and Canada, it is called NAFTA. Our factories have left our country, Jobs have‚Ä¶ https://t.co/QVmkKJ8Ei2"
154,FoxNews,55,0.8225,0.297,0.0,0.703,1520300971.0,.@POTUS: ‚ÄúIf we could do peace between Israel and the Palestinians that would be a great thing for the world.‚Äù https://t.co/gQOOsqzH6p
247,nytimes,48,-0.8658,0.0,0.409,0.591,1520301124.0,"Speaker Paul Ryan criticized President Trump‚Äôs proposed tariffs, saying they could lead to a damaging trade war https://t.co/VWcTFAErDz"
153,FoxNews,54,-0.0191,0.0,0.133,0.867,1520301147.0,.@POTUS on tariffs: ‚ÄúWe‚Äôre not backing down.‚Äù https://t.co/1UvdOhp3yh
152,FoxNews,53,0.0,0.0,0.0,1.0,1520301321.0,".@POTUS: ‚ÄúOur country, on trade, has been ripped off by virtually every country in the world.‚Äù https://t.co/lzNzTwWSum"
440,CBSNews,41,-0.8689,0.0,0.43,0.57,1520301603.0,Disturbing photo released in effort to ID possible victim in Toronto serial killing case https://t.co/U6oCrSSiBH https://t.co/KXc8xedRxj
246,nytimes,47,0.0,0.0,0.0,1.0,1520301604.0,The new owner of a Trump hotel in Panama who wants the Trump brand gone declared victory today. Here's our story on‚Ä¶ https://t.co/yXpI3Wgy1U
151,FoxNews,52,0.4926,0.313,0.0,0.687,1520301777.0,.@greggutfeld: Rehab for Trump-haters in 3 easy steps! https://t.co/6dFj1GXYFW
326,BreitbartNews,27,0.0,0.0,0.0,1.0,1520301782.0,https://t.co/3K2DSrp9A2
245,nytimes,46,0.4767,0.147,0.0,0.853,1520302030.0,Most of the big winners of the Oscars are already streaming. Here‚Äôs where to see them and why. https://t.co/aCHOswJlSv
150,FoxNews,51,-0.7351,0.0,0.307,0.693,1520302046.0,.@David_Bossie: ‚ÄúThe American people are sick and tired of this‚Ä¶ nearly two year investigation.‚Äù #OutnumberedOT https://t.co/6JnhuBykKR
559,USATODAY,60,0.7506,0.274,0.0,0.726,1520302202.0,"Trump won the election by promising blue-collar voters in Midwestern, steel producing states, that he would get tou‚Ä¶ https://t.co/2128nzGQ6a"
558,USATODAY,59,0.0,0.0,0.0,1.0,1520302299.0,RT @yofisofi: ‚ÄúThey tried to bury us but they didn‚Äôt know we were seeds‚Äù #MarchForDreams #DACA https://t.co/OWPQziVC1h
557,USATODAY,58,0.4019,0.124,0.0,0.876,1520302305.0,RT @yofisofi: March for Dreams on the National Mall marching to the Capitol to speak with congress about #DACA https://t.co/QW6ILPvOp9
556,USATODAY,57,-0.3818,0.0,0.102,0.898,1520302314.0,"RT @yofisofi: Nancy Canales, 18, traveled all the way to DC from Seattle to fight for her family members who are all undocumented. https://‚Ä¶"
555,USATODAY,56,0.0,0.0,0.0,1.0,1520302320.0,RT @yofisofi: Marchers chanting ‚ÄúDo your job!‚Äù at the Rayburn House Office Building #DACA #MarchForDreams https://t.co/kdEeb3i2D8
554,USATODAY,55,0.6124,0.167,0.0,0.833,1520302326.0,"RT @yofisofi: ‚ÄúIt‚Äôs okay to be proud of who you are and don‚Äôt be afraid to let your voices be heard‚Äú- Erik Lopez, freshman at the Universit‚Ä¶"
553,USATODAY,54,-0.7783,0.0,0.312,0.688,1520302376.0,Los Angeles police say a man has been arrested for allegedly stealing Frances McDormand's Oscar statuette. https://t.co/UKGYijbHEc #Oscars
149,FoxNews,50,0.2344,0.142,0.095,0.763,1520302436.0,.@David_Bossie: ‚Äú[@realDonaldTrump] works so hard for the American people. He wants the United States to succeed.‚Äù‚Ä¶ https://t.co/dKBAR6PavD
439,CBSNews,40,-0.8176,0.0,0.333,0.667,1520302502.0,"""I looked back down the hall and no one was around -- no one."" Teacher denies accusations of locking students out d‚Ä¶ https://t.co/0qc1xPBN6L"
244,nytimes,45,0.0,0.0,0.0,1.0,1520302518.0,Few would have guessed that Kellyanne Conway would be the one hanging on as other high-profile aides pull their rip‚Ä¶ https://t.co/KfT7jKYEtK
325,BreitbartNews,26,0.0,0.0,0.0,1.0,1520302879.0,https://t.co/0BMGMOwchY
552,USATODAY,53,-0.5574,0.0,0.295,0.705,1520302881.0,Facebook says the survey was a mistake and has put a stop to it. https://t.co/kF0Oh1Gn4x
148,FoxNews,49,0.0,0.0,0.0,1.0,1520303328.0,Winter storm may bring over a foot of snow to the Northeast https://t.co/u07dWOiJpv
243,nytimes,44,0.0,0.0,0.0,1.0,1520303430.0,"Zagat is being sold again. Google, which bought the restaurant review company several years ago, will sell it to a‚Ä¶ https://t.co/DrXhQLX8U4"
438,CBSNews,39,0.3182,0.108,0.0,0.892,1520303496.0,"""This is a $4,000 dress. I'm going to wear this dress multiple times,"" Tiffany Haddish joked on Saturday Night Live‚Ä¶ https://t.co/rYeeq9H3G5"
551,USATODAY,52,0.4019,0.119,0.0,0.881,1520303776.0,"""We clean up nice.""

Meet @usatoday's Photo and Video team at the #Oscars (from left to right): Robert Deutsch, Jas‚Ä¶ https://t.co/rjG0c4CXD6"
1,BBC,2,-0.8555,0.0,0.408,0.592,1520303884.0,"No meat. No fish. No eggs. No milk. No cheese. How hard is it to go vegan for a month? 

ü•¶ü•ëüçè Nesta McGregor investi‚Ä¶ https://t.co/1UBRGqIOp6"
147,FoxNews,48,0.6705,0.234,0.0,0.766,1520303938.0,.@RepMattGaetz: ‚ÄúI am certain that there were senior officials at the Department of Justice and FBI that steered Hi‚Ä¶ https://t.co/0DjVQpI4Bi
324,BreitbartNews,25,0.0,0.0,0.0,1.0,1520303977.0,https://t.co/audOU6Plc0
146,FoxNews,47,0.0772,0.061,0.0,0.939,1520304046.0,".@RepMattGaetz: ‚ÄúIf Jeff Sessions doesn‚Äôt want to do the job of attorney general, he should step aside and we shoul‚Ä¶ https://t.co/Wu42IZiGDT"
550,USATODAY,51,0.5423,0.189,0.0,0.811,1520304067.0,Emma Watson wore the heartfelt message on her forearm. https://t.co/dymdeMkcYK #TimesUp #Oscars (Photos: Getty Imag‚Ä¶ https://t.co/t2STdxtmUE
242,nytimes,43,0.6361,0.259,0.102,0.639,1520304312.0,"‚ÄúImmigrants are the perfect scapegoat for all manner of angst, both economic and cultural, and very easy fertile gr‚Ä¶ https://t.co/PVv4TUnk2R"
549,USATODAY,50,0.0,0.0,0.0,1.0,1520304694.0,"RT @MothershipPod: ICYMI, our latest episode breaks down the crew's biggest pop culture breakups https://t.co/KCCofcWaOb"
241,nytimes,42,-0.7184,0.0,0.261,0.739,1520304725.0,"Two years before Dr. Larry Nassar was charged with abuse of gymnasts, a local prosecutor's office passed on charges‚Ä¶ https://t.co/HcCc4iUYId"
548,USATODAY,49,0.6369,0.231,0.0,0.769,1520304732.0,"Mexico, America's southern neighbor regularly slammed by America's president, nevertheless got some love from‚Ä¶ https://t.co/JW1J85xaLf"
145,FoxNews,46,-0.1901,0.0,0.147,0.853,1520304900.0,"Uber, Lyft drivers earn low pay, study says, but Uber slams 'major discrepancy' in methodology https://t.co/AmoYcif4FY (via @christocarbone)"
240,nytimes,41,0.0,0.0,0.0,1.0,1520305026.0,RT @KirkSemple: Trump sign coming down at Trump Hotel in Panama https://t.co/jDBJB55bKG
437,CBSNews,38,-0.7479,0.0,0.261,0.739,1520305173.0,"Pennsylvania attorney general sues Uber, saying it broke state law when it failed to notify thousands of drivers fo‚Ä¶ https://t.co/6THcd2EVio"
239,nytimes,40,0.0,0.0,0.0,1.0,1520305230.0,"The 21st-century Chelsea has embraced short-termism, and thrived because of it. It does, though, come at a cost. https://t.co/QcWOWKkWQr"
547,USATODAY,48,0.0,0.0,0.0,1.0,1520305402.0,RT @usatodaylife: We are live on Facebook! Tune in to the #CriticsCorner chat to talk all things TV: https://t.co/6mK3rCO1lC https://t.co/M‚Ä¶
238,nytimes,39,-0.5423,0.123,0.246,0.632,1520305626.0,"First Ray, then Patsy, now Joe. After a period of peace, another pizza war has broken out in New York City. https://t.co/oJ8VVXGhAU"
144,FoxNews,45,-0.5106,0.0,0.216,0.784,1520306066.0,"Tennessee grandma brings Doritos bag full of drugs to prison, police say https://t.co/l7qyxoxch5"
237,nytimes,38,0.0,0.0,0.0,1.0,1520306105.0,"As Russia has ramped up its nuclear arsenal and cyberweapons, the U.S. has done little in response, reflecting a st‚Ä¶ https://t.co/PyRIwZvJ5o"
323,BreitbartNews,24,0.0,0.0,0.0,1.0,1520306115.0,https://t.co/11Q3w3zD7Z
546,USATODAY,47,0.0,0.0,0.0,1.0,1520306406.0,What you didn‚Äôt see on TV during the #Oscars telecast. https://t.co/izgZnDfwvo
436,CBSNews,37,-0.4215,0.0,0.157,0.843,1520306521.0,"Russian convicted of spying for U.K. falls ill after exposure to substance, BBC reports https://t.co/Af9weOaDO4 https://t.co/0z3blD4gBl"
236,nytimes,37,0.4926,0.225,0.0,0.775,1520306528.0,"üêß x 1.5 million! ‚ÄúIt‚Äôs always good news when you find new penguins."" https://t.co/JDJb3Hu3XZ"
143,FoxNews,44,-0.4166,0.238,0.265,0.497,1520306905.0,"""Trump created this crisis and Congress has to solve it"" ‚Äî DACA supporters are blocking streets outside of the‚Ä¶ https://t.co/uLyVGuCq7x"
545,USATODAY,46,0.0,0.0,0.0,1.0,1520306946.0,"How Trump's planned steel, aluminum tariffs affect you https://t.co/ihtbmN8NFL"
544,USATODAY,45,0.4588,0.2,0.0,0.8,1520306948.0,Oscars 2018: What you didn‚Äôt see on TV at the Academy Awards https://t.co/SfBktwe9zP
543,USATODAY,44,0.0,0.0,0.0,1.0,1520306953.0,RT @ShannonRaeGreen: It's Monday. That means #ITMHTN #podcast is here. This week: signals from space &amp; a very rare bird - a yellow cardinal‚Ä¶
0,BBC,1,0.0,0.0,0.0,1.0,1520307007.0,üòÇ Who actually watched the #Oscars? https://t.co/opThFzy37n
235,nytimes,36,0.5574,0.167,0.0,0.833,1520307019.0,"Prime Minister Benjamin Netanyahu of Israel lavished praise on Trump for the Jerusalem decision, comparing him to 3‚Ä¶ https://t.co/JUOe3W7HMY"
435,CBSNews,36,0.0,0.0,0.0,1.0,1520307241.0,"More women are rising to leadership roles at Fortune 500 companies, according to reports. Bank of America's vice ch‚Ä¶ https://t.co/igbd4ObQU4"
434,CBSNews,35,-0.5719,0.0,0.266,0.734,1520307260.0,WATCH: Family members of Florida school shooting victims speak about new gun legislation https://t.co/QY08n1aeYQ https://t.co/UZAFq32i1H
322,BreitbartNews,23,0.0,0.0,0.0,1.0,1520307366.0,https://t.co/upXsSTAuXx
433,CBSNews,34,0.6369,0.215,0.0,0.785,1520307390.0,"""Our state leaders must enhance the safety and security of our schools.... Two, our state leaders must keep guns aw‚Ä¶ https://t.co/5A5aTRTw5v"
234,nytimes,35,-0.1779,0.0,0.072,0.928,1520307424.0,"In Opinion

Op-Ed contributor Stoya writes, ""We can hide our heads in the sand, or we can tackle the job of underst‚Ä¶ https://t.co/81ce5FROrQ"
432,CBSNews,33,0.4215,0.138,0.052,0.81,1520307463.0,"""We believe Gov. Scott's proposals demonstrate good movement toward the goal of preventing future acts of school vi‚Ä¶ https://t.co/R5BA0IYb2N"
431,CBSNews,32,-0.5574,0.0,0.13,0.87,1520307564.0,"""Part of us died that day. My daughter was shot in the heart, in the spine and in the femur and the femoral artery.‚Ä¶ https://t.co/52Egzo61UG"
233,nytimes,34,0.0258,0.048,0.0,0.952,1520307579.0,"Days after Bill de Blasio‚Äôs pick for New York schools chief backed out on live TV, the mayor named a new choice: th‚Ä¶ https://t.co/WvTUyYqATr"
542,USATODAY,43,0.0516,0.199,0.15,0.65,1520307607.0,At least two students who survived the chaos and bloodshed of the #ParklandShooting last month are challenging the‚Ä¶ https://t.co/hgUlRhFwtQ
430,CBSNews,31,-0.7351,0.0,0.265,0.735,1520307728.0,"""We are fighting for all the kids in America, not just Parkland. We are fighting for everyone. No kid should have t‚Ä¶ https://t.co/mYn2JKvK90"
142,FoxNews,43,-0.0258,0.094,0.099,0.807,1520307804.0,".@AriFleischer on @POTUS tariff announcement: ""It really should come as no surprise. He's the boss. He called the s‚Ä¶ https://t.co/pnhzTMXdwt"
429,CBSNews,30,-0.5346,0.0,0.206,0.794,1520307900.0,"""There were 17 families who had a tragic loss. We all grieve in our own way but I can tell you we are standing here‚Ä¶ https://t.co/ihCEW3HiCn"
232,nytimes,33,0.6808,0.228,0.0,0.772,1520307904.0,"In accepting his Oscar, Kobe Bryant said: ‚ÄúAs basketball players we‚Äôre supposed to shut up and dribble. I‚Äôm glad we‚Ä¶ https://t.co/QtBQScDEx9"
428,CBSNews,29,-0.5106,0.0,0.148,0.852,1520308163.0,"""The Federal Bureau of Investigation [FBI], the Broward Sheriff's office and the legislators all failed me and my s‚Ä¶ https://t.co/Iezdqa7rVH"
231,nytimes,32,0.0516,0.159,0.11,0.732,1520308324.0,"A new type of legal dispute has emerged among divorced parents: should a child be allowed to play football, or is i‚Ä¶ https://t.co/UxPYgfhoSm"
541,USATODAY,42,-0.1027,0.0,0.076,0.924,1520308658.0,Pay more for soup and beer? Here‚Äôs how Trump‚Äôs planned steel and aluminum tariffs could affect you https://t.co/CN8NPuVEDY
540,USATODAY,41,0.0,0.0,0.0,1.0,1520308818.0,These may be the gold old days for music streaming. https://t.co/8bSSlKmDyq
230,nytimes,31,0.3612,0.385,0.0,0.615,1520308840.0,A winter comfort classic https://t.co/JcQmIFQGG8 https://t.co/1GyC5yRdvE
427,CBSNews,28,-0.2023,0.0,0.076,0.924,1520308892.0,"The 2018 Oscars are projected to have its lowest ratings ever in history, but it's not the only show on TV declinin‚Ä¶ https://t.co/HcSYWC93ut"
141,FoxNews,42,0.4019,0.162,0.0,0.838,1520309057.0,Ohio Forklift Driver Who Switched Parties: @POTUS 'Knows What He's Doing' on Tariffs  @ffweekend https://t.co/aTPNtfuKhe
426,CBSNews,27,0.0,0.0,0.0,1.0,1520309158.0,WATCH LIVE: @PressSec Sarah Huckabee Sanders holds White House briefing https://t.co/JVcXqz7cqj https://t.co/3SDNAuwYhl
425,CBSNews,26,0.0,0.0,0.0,1.0,1520309426.0,"""[VA] Secretary Shulkin has repaid several thousand dollars toward some of the travel costs of the trip that was in‚Ä¶ https://t.co/x5KitLJEJe"
321,BreitbartNews,22,0.0,0.0,0.0,1.0,1520309433.0,https://t.co/0vwVrlp2Uc
424,CBSNews,25,0.3716,0.124,0.0,0.876,1520309522.0,".@PressSec: ""We have a great relationship with Speaker Ryan. We're going to continue to have one, but that doesn't‚Ä¶ https://t.co/tFlH1Aa5tW"
140,FoxNews,41,0.6908,0.275,0.0,0.725,1520309597.0,.@PressSec: ‚ÄúThe bond between the United States and Israel is the strongest it has ever been.‚Äù https://t.co/KgrOPrt8MT
229,nytimes,30,0.2144,0.085,0.0,0.915,1520309706.0,"His incitements have earned him many admirers within the art world, but Pope.L has remained at the periphery of fam‚Ä¶ https://t.co/Nbfoc4mGtn"
539,USATODAY,40,0.3612,0.217,0.0,0.783,1520310005.0,Get your bank accounts ready ... just in case. https://t.co/UkzspNUw4I
139,FoxNews,40,0.8465,0.325,0.0,0.675,1520310009.0,".@PressSec: ‚ÄúThese men represent the very best of America, and remind us why it‚Äôs so important to make sure our gre‚Ä¶ https://t.co/LVJ1lW0nQ7"
228,nytimes,29,-0.296,0.0,0.115,0.885,1520310124.0,"Our critics @ManohlaDargis, @AOScott and @Wesley_Morris discussed how the Oscars were actually in tune with these p‚Ä¶ https://t.co/XtnmSHpW7h"
138,FoxNews,39,0.8625,0.398,0.0,0.602,1520310267.0,".@PressSec: ‚Äú@POTUS believes in free, fair, &amp; reciprocal trade, &amp; hopes other countries will join him in pursuing t‚Ä¶ https://t.co/y3b9MqE3Ov"
423,CBSNews,24,0.0,0.0,0.0,1.0,1520310475.0,"Reporter: Sam Nunberg, on MSNBC said, ""[the president] may have done something during the election but I don't know‚Ä¶ https://t.co/jtVkFZZDVK"
227,nytimes,28,0.0,0.0,0.0,1.0,1520310626.0,"New York has set records on affordable housing, funding it at a breakneck pace. But President Trump‚Äôs tax policies‚Ä¶ https://t.co/DhiamuN6r3"
320,BreitbartNews,21,0.0,0.0,0.0,1.0,1520310644.0,https://t.co/BkvSMYUzd4
422,CBSNews,23,-0.7269,0.105,0.333,0.562,1520310678.0,".@MajorCBS on tariffs: ""Speaker Ryan fears a trade war that could undermine the economic progress that he said was‚Ä¶ https://t.co/1VC0AExeZd"
226,nytimes,27,0.0,0.0,0.0,1.0,1520310892.0,"Within hours, a workman wielding a sledgehammer and crowbar pried the silver letters T-R-U-M-P off the sign at the‚Ä¶ https://t.co/coIF4qa2Yo"
137,FoxNews,38,0.0772,0.058,0.0,0.942,1520310943.0,.@PressSec: ‚Äú[Members of Congress] claim to want to fix DACA. @POTUS laid out a pathway and an exact way to do that‚Ä¶ https://t.co/9eg1Wo3YLh
421,CBSNews,22,0.0,0.121,0.121,0.759,1520311174.0,Former Trump campaign adviser Sam Nunberg refusing to comply with subpoena order issued by special counsel as part‚Ä¶ https://t.co/8w1Lla2kpP
538,USATODAY,39,0.0,0.0,0.0,1.0,1520311205.0,Lacoste's decision to produce a lineup of limited-edition polo shirts that replaced its iconic crocodile logo with‚Ä¶ https://t.co/o0kviqhWXw
225,nytimes,26,-0.6908,0.0,0.251,0.749,1520311508.0,"We dive into the scary, morally dubious world of ""deepfakes,"" A.I.-manipulated videos that can be used to face-swap‚Ä¶ https://t.co/aSxU8RL4WP"
420,CBSNews,21,-0.4019,0.122,0.271,0.608,1520311801.0,Rapper admits having weapon before Little Rock club shooting that injured 25 https://t.co/0u5Agm6wvC https://t.co/rFfNb0QW27
136,FoxNews,37,-0.5574,0.0,0.261,0.739,1520311802.0,'Let him arrest me': #Trump ex-campaign aide Nunberg says he will refuse Mueller's subpoena https://t.co/ClnS43U5KD
319,BreitbartNews,20,0.0,0.0,0.0,1.0,1520311870.0,https://t.co/TyTHzzrN12
135,FoxNews,36,0.6166,0.212,0.0,0.788,1520311967.0,"Netanyahu gets VIP treatment from Trump after years of frosty relations with Obama - via @brookefoxnews 
https://t.co/ywpy0DnExy"
224,nytimes,25,0.0,0.0,0.0,1.0,1520311970.0,"RT @nytpolitics: Sam Nunberg, a former Trump campaign aide who recently met with Robert Mueller's investigators, said he was subpoenaed to‚Ä¶"
223,nytimes,24,0.4588,0.136,0.0,0.864,1520312421.0,"Watch: This year's Academy Awards were dominated by calls for more diversity and inclusivity for women, people of c‚Ä¶ https://t.co/D9C4rEGRAV"
318,BreitbartNews,19,0.2263,0.101,0.0,0.899,1520312431.0,"RT @BreitbartTech: Facebook Survey: ‚ÄòShould We Allow Men to Ask Children for Sexual Photos‚Äô.
via @lucasnolan_
https://t.co/pdt3k4kAo8 https‚Ä¶"
537,USATODAY,38,0.34,0.103,0.0,0.897,1520312438.0,"NBC is putting its money where its drama is, giving $500,000 to high schools in concert with the premiere of ""Rise."" https://t.co/Dhs8CKTRdl"
134,FoxNews,35,0.0,0.0,0.0,1.0,1520312659.0,Stephen Hawking says he knows what happened before the dawn of time https://t.co/EEq2LdcCYD
419,CBSNews,20,0.0,0.0,0.0,1.0,1520313001.0,Three daycare workers who allegedly gave gummy bears that were laced with melatonin to a group of 2-year-old childr‚Ä¶ https://t.co/9nPUuI1gfb
317,BreitbartNews,18,0.0,0.0,0.0,1.0,1520313050.0,https://t.co/taq70iqjRM
222,nytimes,23,0.0,0.0,0.0,1.0,1520313303.0,"In one of China‚Äôs biggest cities, the women-only subway cars are full of men https://t.co/WgkWPzg7jb"
536,USATODAY,37,-0.1027,0.159,0.181,0.659,1520313604.0,"If it worked for Hollywood, federal prison workers hope it works for them.   https://t.co/guEbjPb5C1"
535,USATODAY,36,0.0,0.0,0.0,1.0,1520313723.0,"Sunday‚Äôs Oscar telecast drew a record-low 26.5 million viewers, down 20% from 33 million in 2017. https://t.co/CbhlOmGPy0"
133,FoxNews,34,-0.7094,0.116,0.326,0.558,1520313824.0,Outrage grows over Oklahoma judge who reportedly let several child rapists off without prison time https://t.co/AQsjZTi3tD
418,CBSNews,19,-0.6908,0.0,0.231,0.769,1520314107.0,"""Our daughter was our life. Part of us died that day."" The father of Parkland, Florida, shooting victim Alyssa Alha‚Ä¶ https://t.co/JYtFWYICw4"
221,nytimes,22,-0.6705,0.0,0.164,0.836,1520314211.0,"Beware the snake, the spider and the scorpion. But know this: You are much more likely to be killed by a bee or a d‚Ä¶ https://t.co/6UHjAsogX3"
534,USATODAY,35,0.3818,0.233,0.142,0.625,1520314264.0,Mexico had great night at the Oscars. President Trump still tweeted smear https://t.co/avFnQ5aefq
533,USATODAY,34,-0.2732,0.0,0.13,0.87,1520314266.0,"Oscars 2018: TV ratings hit record low, shedding 6.5 million viewers from last year https://t.co/0AUMftAecm"
316,BreitbartNews,17,0.0,0.0,0.0,1.0,1520314306.0,https://t.co/wuK65PRL32
532,USATODAY,33,0.0,0.0,0.0,1.0,1520314408.0,RT @usatodayvideo: This guy decided to combine his paragliding equipment with his skiing skills after a rare snowfall. https://t.co/TX7Izig‚Ä¶
531,USATODAY,32,-0.5423,0.0,0.212,0.788,1520314503.0,"The father, who is in his early 50s, was indicted on 43 felonies.   https://t.co/ZjEfdQmDT4"
132,FoxNews,33,-0.34,0.0,0.098,0.902,1520314748.0,"Former @DICKS employee explains why he quit over new gun policy: ""You can serve in the military. You can vote at 18‚Ä¶ https://t.co/VS7t5skI0J"
530,USATODAY,31,0.0,0.0,0.0,1.0,1520314806.0,Kim Kardashian's dermatologist says this is the only skincare product you need. https://t.co/XUxAdmfPQo
131,FoxNews,32,0.0,0.0,0.0,1.0,1520314910.0,"Trump says Democrats are 'nowhere to be found' on DACA - via @brookefoxnews
https://t.co/0ymxdy7btm"
220,nytimes,21,0.0,0.0,0.0,1.0,1520315107.0,"NYT correspondent @DanBilefsky left Canada nearly 30 years ago. He‚Äôs back, and he‚Äôs on a road trip across Quebec to‚Ä¶ https://t.co/CHSncwSkoV"
130,FoxNews,31,-0.4019,0.084,0.149,0.766,1520315124.0,"RT @FoxBusiness: #BreakingNews: Stocks end higher as @POTUS talks down prospects of trade war. The Dow Jones Industrial Average, S&amp;P 500, a‚Ä¶"
219,nytimes,20,0.0,0.0,0.0,1.0,1520315465.0,RT @KirkSemple: Here's an early version of our developing story about the showdown today at the Trump hotel in Panama:   https://t.co/AqK4f‚Ä¶
315,BreitbartNews,16,0.0,0.0,0.0,1.0,1520315535.0,https://t.co/8SDe5Jzgzx
417,CBSNews,18,-0.7269,0.0,0.225,0.775,1520315630.0,"""No kid should have to say to their mother ‚Äì‚Äì 'Mommy, am I going to die today if I go to school?'"" Florida shooting‚Ä¶ https://t.co/CFwPE8uHAL"
529,USATODAY,30,0.4588,0.167,0.0,0.833,1520316011.0,Sam Nunberg said he will not show up for a scheduled Friday appearance before a grand jury. https://t.co/MYeV6gWnr7
218,nytimes,19,0.2732,0.11,0.0,0.89,1520316035.0,"Today, forgive yourself for putting off that one thing (you know what thing) and just finish it https://t.co/u8o9E9cuEM"
528,USATODAY,29,0.0,0.0,0.0,1.0,1520316209.0,BREAKING Mississippi Republican Sen. Thad Cochran announces retirement https://t.co/rjVUTCF9Kq
129,FoxNews,30,-0.5267,0.0,0.221,0.779,1520316294.0,"Teen thought her drooping eye was booze-related, but it was a brain tumor https://t.co/4x65cfv2nZ"
416,CBSNews,17,-0.34,0.0,0.124,0.876,1520316394.0,"Senator Thad Cochran, chairman of the appropriations committee, will resign on April 1. The longtime Republican Mis‚Ä¶ https://t.co/j5INIv2t7a"
128,FoxNews,29,-0.0772,0.0,0.075,0.925,1520316455.0,.@POTUS spoke Monday about trade barriers and tariffs that other countries have imposed on the U.S.‚Ä¶ https://t.co/7krINJTxT2
527,USATODAY,28,0.296,0.163,0.1,0.737,1520316654.0,U.S. Sen. Thad Cochran announced Monday he is resigning effective April 1 because of health reasons.‚Ä¶ https://t.co/4oPYJl3AcT
314,BreitbartNews,15,-0.6597,0.0,0.241,0.759,1520316803.0,"""What happened in Australia was that the government sponsored a gun buyback in which Australians were forced to han‚Ä¶ https://t.co/XAM9u6WoOd"
127,FoxNews,28,-0.1531,0.092,0.134,0.775,1520316915.0,"Mississippi GOP Sen. Thad Cochran resigning April 1 amid health challenge - via @brookefoxnews
https://t.co/eVNfsSDiaF"
217,nytimes,18,-0.5574,0.076,0.232,0.693,1520316968.0,"RT @maggieNYT: Nunberg says Trump often sounds ""like a moron"" but that the Mueller probe is ""a witch hunt"" https://t.co/he2ddA68b2"
526,USATODAY,27,0.0,0.0,0.0,1.0,1520317080.0,"As the six-month anniversary of Hurricane Maria, Puerto Ricans are trudging slowly away from survival and into the‚Ä¶ https://t.co/VRH9LMUd9I"
525,USATODAY,26,0.431,0.169,0.0,0.831,1520317203.0,"Police say they ""are unable to ascertain whether or not a crime has taken place.""   https://t.co/dVdiA9O32z"
216,nytimes,17,-0.5719,0.0,0.239,0.761,1520317267.0,"Senator Thad Cochran announced that he is resigning because of ill health, opening another GOP seat https://t.co/xNoobouPI9"
126,FoxNews,27,-0.6808,0.0,0.384,0.616,1520317607.0,Embarrassment as Emma Watson sports feminist tattoo with grammatical error https://t.co/Gaj5o2L34N
313,BreitbartNews,14,0.0,0.0,0.0,1.0,1520317653.0,https://t.co/RkLONBNIFh
215,nytimes,16,0.3182,0.145,0.086,0.769,1520317825.0,"A cruise skeptic tries to enjoy 4 days on the high seas with his family, Mickey and a bunch of princesses https://t.co/Lyx2cmSv0d"
312,BreitbartNews,13,0.0,0.0,0.0,1.0,1520317945.0,It's official: https://t.co/OgVeKpWjmR
415,CBSNews,16,-0.4404,0.0,0.196,0.804,1520318342.0,"Hundreds of protesters take to streets of East Lansing, Michigan, to protest a speech by white nationalist Richard‚Ä¶ https://t.co/wEl1rZt6Mv"
524,USATODAY,25,0.6966,0.242,0.0,0.758,1520318405.0,"""Like most parents, I would do anything to keep my kids safe. But really? Is this what it‚Äôs come to?"" https://t.co/ortnRzOvoq"
125,FoxNews,26,0.0,0.0,0.0,1.0,1520318526.0,TONIGHT: @RepDevinNunes speaks exclusively with @marthamaccallum. Tune in to @TheStoryFNC on Fox News Channel at 7p‚Ä¶ https://t.co/RURrRmdkJw
214,nytimes,15,0.0,0.0,0.0,1.0,1520318763.0,RT @TheSteinLine: To sign up for the @nytimes' weekly NBA newsletter just enter your e-mail address here: https://t.co/CMXVLMNkLp. To submi‚Ä¶
124,FoxNews,25,-0.4939,0.0,0.225,0.775,1520318830.0,".@kilmeade: ""I don‚Äôt buy that it‚Äôs as chaotic as this.‚Äù #TheFive https://t.co/KNXnKo2AGq"
311,BreitbartNews,12,0.2449,0.137,0.104,0.759,1520319159.0,"""Now, Sarah Huckabee has attacked me again and I‚Äôll be more than happy to deal with her face to face. I would be mo‚Ä¶ https://t.co/g7oYj1dcya"
123,FoxNews,24,0.7441,0.314,0.0,0.686,1520319284.0,".@kimguilfoyle: ‚ÄúTo see [@POTUS] in kind of good humor, making‚Ä¶inroads with the media, I thought that was good. You‚Ä¶ https://t.co/9YboUINQ9U"
122,FoxNews,23,-0.5106,0.0,0.216,0.784,1520319300.0,"Tennessee grandma brings Doritos bag full of drugs to prison, police say https://t.co/qpcPCfSWUk"
310,BreitbartNews,11,-0.5574,0.0,0.167,0.833,1520319615.0,RT @JxhnBinder: .@SpoxDHS on DACA illegal aliens: ‚ÄúThere is not a prioritization. USCIS is processing applications as they are submitted.‚Äù‚Ä¶
523,USATODAY,24,0.3612,0.217,0.0,0.783,1520319628.0,Get ready for spring with these deals. https://t.co/6oPffIE2h2 (via @reviewed)
213,nytimes,14,0.8074,0.3,0.0,0.7,1520319727.0,"‚ÄúAfter a brief time apart, Frances and her Oscar were happily reunited,‚Äù her spokesman said. ‚ÄúThey celebrated the r‚Ä¶ https://t.co/rSnJWh0Tio"
309,BreitbartNews,10,0.6597,0.262,0.108,0.629,1520320320.0,".@NolteNC: ""There are many forms of free expression that I find toxic. But what is far worse than toxic freedom is‚Ä¶ https://t.co/MJM9Bi1Tav"
121,FoxNews,22,0.4019,0.153,0.0,0.847,1520320411.0,"GOP lawmakers renew calls for second special counsel, say it may be 'unavoidable' - via @brookefoxnews 
https://t.co/pZydqz1DoN"
120,FoxNews,21,0.0,0.0,0.0,1.0,1520320416.0,Saudi Arabia hosts first-ever race for women https://t.co/yKxeUDOFyG
212,nytimes,13,0.0,0.0,0.0,1.0,1520320623.0,Here are 5 memorable moments from ‚ÄúMister Rogers‚Äô Neighborhood.‚Äù PBS is marking the 50th anniversary of the premier‚Ä¶ https://t.co/psr3vCtr4g
522,USATODAY,23,0.0258,0.101,0.097,0.802,1520320805.0,"After a furor over the lack of women in the lineup at one of the world's largest computer security conferences, a g‚Ä¶ https://t.co/aeBJHDklSE"
119,FoxNews,20,0.0,0.0,0.0,1.0,1520321307.0,".@brithume on @POTUS steel tariff announcement: ""Remember this about this president...This is something he basicall‚Ä¶ https://t.co/81psVCwb3I"
521,USATODAY,22,0.0,0.0,0.0,1.0,1520321409.0,Each meal kit costs $8 to $15 and feeds two adults. https://t.co/Zu85Hll9wu
308,BreitbartNews,9,0.0,0.0,0.0,1.0,1520321512.0,https://t.co/bu2kOybhOA
211,nytimes,12,-0.3612,0.0,0.135,0.865,1520321523.0,"‚ÄúThey have requested a ridiculous amount of documents,‚Äù Sam  Nunberg said. ‚ÄúShould I spend 30 hours producing these‚Ä¶ https://t.co/x93r1sYvCd"
414,CBSNews,15,0.4019,0.13,0.0,0.87,1520321751.0,Former Trump campaign aide Sam Nunberg said he will not comply with the special counsel's Russia investigation and‚Ä¶ https://t.co/B7htPQXoD2
520,USATODAY,21,0.0,0.0,0.0,1.0,1520321824.0,Selma bridge crossing marks milestone for civil rights https://t.co/t6aczypMgU
519,USATODAY,20,0.0,0.0,0.0,1.0,1520321826.0,Ex-Trump aide Sam Nunberg calls Mueller subpoena request 'ridiculous' https://t.co/vXxyCcsjyP
413,CBSNews,14,-0.4404,0.0,0.121,0.879,1520321949.0,The president stood by his plan to put tariffs on imported steel and aluminum as he faces criticism from the highes‚Ä¶ https://t.co/IlIh8NV20O
118,FoxNews,19,0.0772,0.056,0.0,0.944,1520321982.0,"FULL STEAM AHEAD: This train in England plows the rails, throwing snow high in the air, as it clears the tracks aft‚Ä¶ https://t.co/PSvfUD6FMB"
518,USATODAY,19,-0.3182,0.0,0.126,0.874,1520322005.0,Analysts remain skeptical the talks will lead to a hoped-for diplomatic breakthrough over the North‚Äôs nuclear arms‚Ä¶ https://t.co/h3kq3oTLs5
412,CBSNews,13,-0.4939,0.0,0.158,0.842,1520322074.0,A passenger tried to open the door of a plane in flight today. @krisvancleave reports on the mid-air scare. https://t.co/Oxwhx2PuIw
411,CBSNews,12,-0.1027,0.0,0.065,0.935,1520322271.0,"A new winter storm is bringing snow and freezing rain to the Dakotas and Minnesota tonight, and that system is head‚Ä¶ https://t.co/pLayCFYXCP"
410,CBSNews,11,-0.5719,0.0,0.207,0.793,1520322410.0,"A former spy accused of being a traitor to Russia is fighting for his life in Britain, possibly after being poisone‚Ä¶ https://t.co/kwsleFR38p"
210,nytimes,11,0.0,0.0,0.0,1.0,1520322425.0,Evening Briefing: Here's what you need to know at the end of the day https://t.co/it1BQDE2S7
307,BreitbartNews,8,0.0,0.0,0.0,1.0,1520322729.0,https://t.co/Phv5vdwCXx
409,CBSNews,10,-0.3506,0.0,0.126,0.874,1520322747.0,"Throughout Syria's seven-year war, the city of Afrin was untouched, but not anymore. @sethdoane reports from Afrin‚Ä¶ https://t.co/tUV2lmJHq9"
117,FoxNews,18,-0.836,0.0,0.357,0.643,1520322881.0,".@MZHemingway on criticism of @POTUS' tariff plan: ""If it's unacceptable for us, it's also unacceptable for all the‚Ä¶ https://t.co/OpanHIOkZN"
517,USATODAY,18,0.0,0.0,0.0,1.0,1520322903.0,Is time really up? Why Gary Oldman and Kobe Bryant's Oscars are a step back for #MeToo https://t.co/lAZIHT6rv5 #TheShortList
408,CBSNews,9,0.2732,0.114,0.067,0.819,1520322933.0,"Older people are often warned they could be the targets of con artists, but a surprising new report from the Federa‚Ä¶ https://t.co/i7Mkx6z9m2"
407,CBSNews,8,0.802,0.286,0.0,0.714,1520323146.0,"It was a big night for ""Three Billboards"" actress Frances McDormand. She won her second Academy Award only to have‚Ä¶ https://t.co/yixv3dmvG0"
116,FoxNews,17,0.0,0.0,0.0,1.0,1520323199.0,TUNE IN: @RepDevinNunes speaks exclusively with @marthamaccallum now on #TheStory on Fox News Channel. https://t.co/z2kaPNeSbv
516,USATODAY,17,0.0,0.0,0.0,1.0,1520323227.0,How to raise a feminist in 6 not-so-easy steps. https://t.co/GL5JEWFhfQ
209,nytimes,10,0.25,0.19,0.155,0.655,1520323326.0,"""The greatest challenge to lasting weight loss is the fact that no one can give up eating. Rather, one has to learn‚Ä¶ https://t.co/IheK4KlVDJ"
115,FoxNews,16,0.0516,0.099,0.09,0.811,1520323843.0,".@mikeallen shares reaction to congressional inaction on DACA: ""They said there's nothing you can do to get this Co‚Ä¶ https://t.co/PUJASOrnFK"
306,BreitbartNews,7,0.0,0.0,0.0,1.0,1520323959.0,me_irl https://t.co/pa6WDvSMwF
114,FoxNews,15,0.0,0.0,0.0,1.0,1520324012.0,".@FBI agent Peter Strzok was told of possible breach into @HillaryClinton's server but didn't follow up, sources say https://t.co/UwCZJD7hkE"
406,CBSNews,7,0.5994,0.234,0.0,0.766,1520324101.0,"Passengers onboard United Express Flight 5449 restrained a Boise, Idaho, woman who was ranting about being God and‚Ä¶ https://t.co/oGKlG20fFC"
515,USATODAY,16,0.2782,0.14,0.0,0.86,1520324104.0,The little girl giving the Internet all the feels is 2-year-old Parker Curry.     https://t.co/CSEFfllUEB
514,USATODAY,15,-0.25,0.0,0.077,0.923,1520324153.0,"RT @usatodayopinion: #Maher on White House shake-ups: ""Who is going to be left? Trump is going to be all alone ‚Ä¶ talking to a soccer ball w‚Ä¶"
208,nytimes,9,-0.3182,0.0,0.133,0.867,1520324224.0,Confused about what President Trump's tariffs on steel and aluminum will mean? Here's an overview. https://t.co/RaqDFwSf1X
113,FoxNews,14,0.0,0.0,0.0,1.0,1520324520.0,. @RepDevinNunes: ‚ÄúThe questionnaire really asks some simple questions. ‚ÄòWhen did you know the Democrats paid for t‚Ä¶ https://t.co/ayUSkXA2jM
112,FoxNews,13,0.0,0.0,0.0,1.0,1520324712.0,".@RepDevinNunes: ‚ÄúThe Russians had an operation against us, but they‚Äôve always had an operation against the United‚Ä¶ https://t.co/tbCKAnMrkh"
111,FoxNews,12,-0.2023,0.0,0.091,0.909,1520324864.0,".@RepDevinNunes: ‚ÄúIf you‚Äôre going to go against the Russians, against a foreign adversary, the first thing you do i‚Ä¶ https://t.co/TducKt3cdI"
207,nytimes,8,0.0258,0.294,0.287,0.42,1520325125.0,The best and worst of Oscars 2018 https://t.co/JBslAC44Ok
110,FoxNews,11,-0.1531,0.086,0.125,0.789,1520325141.0,"RT @MikeEmanuelFox: Protesters, White House want Congress to act on immigration-from #SpecialReport tonight: 

https://t.co/owJGZjCbsI"
305,BreitbartNews,6,0.0,0.0,0.0,1.0,1520325156.0,https://t.co/7054EYFoPF
405,CBSNews,6,0.784,0.372,0.186,0.442,1520325301.0,"""This is mine!"": Man accused of stealing the best actress winner Frances McDormand's Academy Award posted a video o‚Ä¶ https://t.co/ZBSjehNi1M"
513,USATODAY,14,-0.5423,0.0,0.257,0.743,1520325306.0,The lawsuit follows Adrienne Lawrence‚Äôs claims that ESPN was a hostile work environment for women.  https://t.co/QUpijCr2kO
109,FoxNews,10,-0.296,0.0,0.115,0.885,1520325816.0,.@KatrinaPierson: ‚ÄúWe are no longer even talking about collusion with Russia at this point‚Ä¶The investigation is con‚Ä¶ https://t.co/rPdpvRlTfZ
512,USATODAY,13,-0.4767,0.0,0.205,0.795,1520325904.0,American troops regularly conduct dangerous missions in countries that rarely make headlines. https://t.co/uqjwPobIMe
206,nytimes,7,0.4939,0.132,0.0,0.868,1520326022.0,"RT @nytopinion: If the Kochs and their allies succeed in smashing and scattering the last remaining pension funds into millions of 401(k)s,‚Ä¶"
511,USATODAY,12,0.6115,0.285,0.0,0.715,1520326204.0,"Few, if any, senators were completely happy with the legislation.   https://t.co/EaZt7KKvR0"
108,FoxNews,9,0.34,0.103,0.0,0.897,1520326211.0,"RT @EricShawnTV: At @AIPAC, @SenSchumer : ""We must pass and highlight the #TaylorForceAct, ""The Taylor Force Act will force the world to co‚Ä¶"
304,BreitbartNews,5,0.0,0.0,0.0,1.0,1520326278.0,https://t.co/6i2m9SRMwV
107,FoxNews,8,0.4576,0.232,0.098,0.67,1520326300.0,.@HeyTammyBruce: ‚ÄúThe United States is standing very strongly with Israel. There‚Äôs no question here at this stage.‚Ä¶ https://t.co/jy4CviHg9G
404,CBSNews,5,0.0,0.0,0.0,1.0,1520326502.0,House speaker Paul Ryan thinks the president's decision to hit countries with tariffs on imported aluminum and stee‚Ä¶ https://t.co/k99e9Wg7uP
510,USATODAY,11,0.4019,0.24,0.115,0.645,1520326809.0,The Sheriff‚Äôs Office argued the videos may reveal safety information in the school district's security system. https://t.co/GemEj71yJU
205,nytimes,6,-0.8402,0.058,0.365,0.577,1520326925.0,Football‚Äôs brain injury crisis has come to family court: A divorced couple are locked in a legal battle over whethe‚Ä¶ https://t.co/exKB28Nzo9
509,USATODAY,10,0.0,0.0,0.0,1.0,1520327104.0,A voluntary test showed Canelo Alvarez had traces of clenbuterol.   https://t.co/zvZiJpGBsg
106,FoxNews,7,-0.7845,0.0,0.277,0.723,1520327237.0,"Andrew Pollack, whose daughter was killed in Parkland shooting: ‚ÄúThe media focuses on gun control, and it doesn‚Äôt w‚Ä¶ https://t.co/UsrrhWlQqq"
303,BreitbartNews,4,0.0,0.0,0.0,1.0,1520327446.0,https://t.co/rPGiKz4ErU
105,FoxNews,6,0.6369,0.189,0.0,0.811,1520327565.0,".@marthamaccallum: ‚ÄúI would love to see us get through one year without a school shooting, just as a starting point‚Ä¶ https://t.co/MPbDXeDXD7"
403,CBSNews,4,0.0,0.0,0.0,1.0,1520327701.0,"Even as the cleanup from last weekend's nor'easter is underway, another storm is headed to the East Coast Wednesday‚Ä¶ https://t.co/elxCl5iroG"
508,USATODAY,9,0.3818,0.12,0.0,0.88,1520327704.0,"Whether it's burgers, cars or farming, robots are becoming capable of doing jobs that were once staples of employme‚Ä¶ https://t.co/EWU4okBNcR"
204,nytimes,5,0.4215,0.128,0.0,0.872,1520327824.0,"Faced with a backlash from employees, United said it was ‚Äúpressing the pause button‚Äù on a plan to replace its modes‚Ä¶ https://t.co/7kNIWUUfLr"
507,USATODAY,8,0.1779,0.145,0.0,0.855,1520328004.0,Report: Amazon checking accounts? Something similar could be coming soon. https://t.co/w30h8JJoww
104,FoxNews,5,0.8316,0.315,0.0,0.685,1520328078.0,".@JoeConchaTV: ""We saw a lot of diversity last night and everybody celebrates diversity and it's great. The only di‚Ä¶ https://t.co/5RjrMpL5k1"
103,FoxNews,4,0.0,0.0,0.0,1.0,1520328307.0,#Trump name removed from Panama hotel after days-long standoff https://t.co/LyRWgtm9hC
203,nytimes,4,0.0,0.0,0.0,1.0,1520328422.0,#TheBachelor has become so big that you can spend 24 hours immersing yourself in its offshoots. So our reporter did. https://t.co/rqk3980oDa
506,USATODAY,7,0.1531,0.086,0.0,0.914,1520328428.0,"RT @carolyncerbin: How Thad Cochran's retirement impacts Mississippi midterm elections, political landscape. Here's the scoop from Geoff Pe‚Ä¶"
302,BreitbartNews,3,0.0,0.0,0.0,1.0,1520328621.0,https://t.co/6TRlWj9yVZ
505,USATODAY,6,-0.4939,0.0,0.242,0.758,1520328766.0,RT @usatodayvideo: Actress Frances McDormand reunited with stolen Oscar https://t.co/qphmlOt2Gk https://t.co/yZQHpmvTen
402,CBSNews,3,-0.2944,0.0,0.099,0.901,1520328902.0,Federal Trade Commission says younger Americans -- those in their 20s and early 30s -- are more vulnerable than old‚Ä¶ https://t.co/z7hzndmXQa
202,nytimes,3,0.4767,0.256,0.0,0.744,1520329026.0,The complete list of winners at the 2018 Oscars https://t.co/tNKGLu5PVC
504,USATODAY,5,0.7269,0.262,0.0,0.738,1520329204.0,"If corporations want to hang on to some or all of their tax breaks, they had better start making a better case for‚Ä¶ https://t.co/p2t1U930A8"
102,FoxNews,3,0.1761,0.114,0.09,0.796,1520329219.0,"""We do have to stand up and fight and push back and do it in a very respectful way."" ‚Äî @CaseyCagle on GA tax bill p‚Ä¶ https://t.co/wfFmJVBkGk"
503,USATODAY,4,-0.7184,0.0,0.4,0.6,1520329504.0,ESPN's Jemele Hill denies Chris Berman left 'racially disparaging' voicemail   https://t.co/FA962MbdBR
101,FoxNews,2,0.3506,0.141,0.078,0.781,1520329565.0,".@CaseyCagle: ""[@Delta] is family here in Georgia and we'll continue to fight together, but on issues like the Cons‚Ä¶ https://t.co/jCA43aOJd2"
201,nytimes,2,0.0,0.0,0.0,1.0,1520329624.0,"RT @NYTObits: Russ Solomon, who founded the music superstore Tower Records, dies at 92 https://t.co/PqZubzJGZT"
301,BreitbartNews,2,0.0,0.0,0.0,1.0,1520329761.0,https://t.co/X36a4V2cMb
401,CBSNews,2,0.0,0.0,0.0,1.0,1520330101.0,Can a one-handed linebacker make it in the NFL? Shaquem Griffin made his case that he can with an electrifying perf‚Ä¶ https://t.co/NMxgw0vs3A
502,USATODAY,3,0.3612,0.185,0.0,0.815,1520330411.0,What's it like to have AI as your chauffeur? Ask Volkswagen. https://t.co/ExwDoyMxmP
200,nytimes,1,0.0,0.0,0.0,1.0,1520330521.0,Evening Briefing: Here's what you need to know at the end of the day https://t.co/AL9cyxlpjs
100,FoxNews,1,-0.4215,0.0,0.174,0.826,1520330733.0,".@MarkCGlaze on difficulties of stopping school shooters: ""[It] has to do with the fact that there are 300 million‚Ä¶ https://t.co/LNJlLwL8BX"
300,BreitbartNews,1,0.0,0.0,0.0,1.0,1520330927.0,https://t.co/TLWE3uR9UJ
501,USATODAY,2,0.0,0.0,0.0,1.0,1520331003.0,"""I don't know what I said, (something like), 'Believe in what you're doing and go for it.'""  https://t.co/0TPIjzMIvc"
500,USATODAY,1,-0.7184,0.0,0.4,0.6,1520331066.0,ESPN's Jemele Hill denies Chris Berman left 'racially disparaging' voicemail https://t.co/kE1SaGx7ER
400,CBSNews,1,-0.5994,0.08,0.253,0.667,1520331301.0,"Teens who use e-cigarettes are exposed to significant levels of chemicals that could potentially cause cancer, a ne‚Ä¶ https://t.co/Sf1Q50aDF1"
